Name,Platform,Publisher,Developer,Total Sales,Critic_Score,User_Score,Year
Dead Rising 3,XOne,Microsoft Studios,Capcom,1570000,8.3,6.9,2013
Ryse: Son of Rome,XOne,Microsoft Studios,Crytek,1380000,6.8,6.2,2013
Fighter Within,XOne,Ubisoft,Daoka,190000,2.7,2.8,2013
FIFA 14,XOne,EA Sports,EA Canada,1160000,9.1,5.8,2013
FIFA 14,PS4,EA Sports,EA Canada,3430000,9.1,6.3,2013
Battlefield 4,PS4,Electronic Arts,EA DICE,3940000,8.3,7,2013
NBA Live 14,PS4,EA Sports,EA Tiburon,270000,4.3,2.6,2013
Madden NFL 25,PS4,EA Sports,EA Tiburon,960000,7.4,5.2,2013
NBA Live 14,XOne,EA Sports,EA Tiburon,200000,4.3,3.1,2013
Madden NFL 25,XOne,EA Sports,EA Tiburon,810000,7.1,5.8,2013
Killzone: Shadow Fall,PS4,Sony Computer Entertainment,Guerrilla Games,3020000,9,6.8,2013
Call of Duty: Ghosts,XOne,Activision,Infinity Ward,2920000,7.5,4.3,2013
Call of Duty: Ghosts,PS4,Activision,Infinity Ward,4170000,7.5,3.8,2013
Knack,PS4,Sony Computer Entertainment,SCE Japan Studio,1880000,8.4,6.5,2013
Putty Squad,PS4,System 3,System 3,160000,3.8,3,2013
Forza Motorsport 5,XOne,Microsoft Studios,Turn 10 Studios,2200000,8.8,6,2013
Assassin's Creed IV: Black Flag,PS4,Ubisoft,Ubisoft Montreal,3190000,8.3,7.9,2013
NBA 2K14,XOne,2K Sports,Visual Concepts,910000,8.9,5.7,2013
NBA 2K14,PS4,2K Sports,Visual Concepts,1540000,8.9,6.5,2013
Halo: The Master Chief Collection,XOne,Microsoft Studios,343 Industries,3230000,8.5,7.4,2014
Akiba's Trip: Undead & Undressed,PS4,Xseed Games,Acquire,130000,5.7,6.9,2014
Murdered: Soul Suspect,PS4,Square Enix,Airtight Games,330000,5.9,6.9,2014
Murdered: Soul Suspect,XOne,Square Enix,Airtight Games,160000,5.1,7.1,2014
Dragon Age: Inquisition,PS4,Electronic Arts,BioWare Edmonton,2340000,8.9,7.4,2014
Dragon Age: Inquisition,XOne,Electronic Arts,BioWare Edmonton,930000,8.5,7,2014
Diablo III: Ultimate Evil Edition,PS4,Blizzard Entertainment,Blizzard Entertainment,2820000,9,7.9,2014
Diablo III: Ultimate Evil Edition,XOne,Blizzard Entertainment,Blizzard Entertainment,,8.6,7.8,2014
Destiny,PS4,Activision,Bungie,5760000,7.6,6.1,2014
Destiny,XOne,Activision,Bungie,3370000,8.3,5.5,2014
Alien: Isolation,XOne,Sega,Creative Assembly,510000,7.8,7.9,2014
Alien: Isolation,PS4,Sega,Creative Assembly,1090000,7.9,8.2,2014
Tomb Raider: Definitive Edition,PS4,Square Enix,Crystal Dynamics,1510000,9.1,8.1,2014
Tomb Raider: Definitive Edition,XOne,Square Enix,Crystal Dynamics,,9.1,7.7,2014
Lara Croft and the Temple of Osiris,PS4,Square Enix,Crystal Dynamics,90000,7.4,6.6,2014
Tour de France 2014,PS4,Focus Home Interactive,Cyanide Studio,40000,5.3,5.3,2014
Lords of the Fallen,PS4,Namco Bandai Games,DECK13 Interactive,550000,6.8,6.5,2014
Lords of the Fallen,XOne,Namco Bandai Games,DECK13 Interactive,220000,7.1,6.6,2014
FIFA 15,XOne,EA Sports,EA Canada,2180000,7.9,5.4,2014
FIFA 15,PS4,EA Sports,EA Canada,6320000,8.1,5.7,2014
NHL 15,XOne,EA Sports,EA Canada,410000,5.9,3.1,2014
EA Sports UFC,PS4,Electronic Arts,EA Canada,1110000,7,6.1,2014
EA Sports UFC,XOne,Electronic Arts,EA Canada,470000,7,6.2,2014
NHL 15,PS4,EA Sports,EA Canada,620000,6,3.7,2014
Madden NFL 15,XOne,EA Sports,EA Tiburon,1570000,8,6.2,2014
Madden NFL 15,PS4,EA Sports,EA Tiburon,2250000,8.1,6.1,2014
NBA Live 15,XOne,Electronic Arts,EA Tiburon,210000,5.3,6.8,2014
NBA Live 15,PS4,Electronic Arts,EA Tiburon,250000,5.9,5.6,2014
Thief,XOne,Square Enix,Eidos Montreal,,6.9,5.9,2014
Thief,PS4,Square Enix,Eidos Montreal,850000,6.7,6.2,2014
Driveclub,PS4,Sony Computer Entertainment,Evolution Studios,2370000,7.2,6.2,2014
Sherlock Holmes: Crimes & Punishments,PS4,Focus Home Interactive,Frogwares,290000,7.3,7.2,2014
Sherlock Holmes: Crimes & Punishments,XOne,Focus Home Interactive,Frogwares,80000,7.2,6.7,2014
Fantasia: Music Evolved,XOne,Disney Interactive Studios,Harmonix Music Systems,150000,7.7,7.4,2014
Sunset Overdrive,XOne,Microsoft Studios,Insomniac Games,1140000,8,7.8,2014
Metal Gear Solid V: Ground Zeroes,PS4,Konami Digital Entertainment,Kojima Productions,1200000,7.6,6.3,2014
Metal Gear Solid V: Ground Zeroes,XOne,Konami Digital Entertainment,Kojima Productions,290000,7.7,5.5,2014
Wolfenstein: The New Order,XOne,Bethesda Softworks,MachineGames,680000,7.8,7.8,2014
Wolfenstein: The New Order,PS4,Bethesda Softworks,MachineGames,1610000,7.9,8.1,2014
MotoGP 14,PS4,Namco Bandai Games,Milestone S.r.l.,200000,7.3,6.5,2014
The Last of Us Remastered,PS4,Sony Computer Entertainment,Naughty Dog,6770000,9.5,9.1,2014
Samurai Warriors 4,PS4,Tecmo Koei,Omega Force,250000,7.6,7.6,2014
Pro Evolution Soccer 2015,XOne,Konami Digital Entertainment,PES Productions,140000,7.9,6.8,2014
Pro Evolution Soccer 2015,PS4,Konami Digital Entertainment,PES Productions,760000,8.2,7.1,2014
Forza Horizon 2,XOne,Microsoft Studios,Playground Games,1400000,8.6,8.3,2014
Plants vs Zombies: Garden Warfare,XOne,Electronic Arts,PopCap Games,,7.6,7.5,2014
Plants vs Zombies: Garden Warfare,PS4,Electronic Arts,PopCap Games,660000,7.5,7.5,2014
Teslagrad,PS4,Rain Games,Rain Games,10000,7.8,6.7,2014
Kinect Sports Rivals,XOne,Microsoft Studios,Rare Ltd.,600000,7.3,5,2014
Sniper Elite III,XOne,505 Games,Rebellion Developments,,6.3,6.6,2014
Sniper Elite III,PS4,505 Games,Rebellion Developments,740000,6.7,6.9,2014
Titanfall,XOne,Electronic Arts,Respawn Entertainment,2950000,8.9,6.7,2014
Grand Theft Auto V,PS4,Rockstar Games,Rockstar North,19390000,9.7,8.4,2014
Grand Theft Auto V,XOne,Rockstar Games,Rockstar North,5480000,9,9,2014
Call of Duty: Advanced Warfare,XOne,Activision,Sledgehammer Games,5270000,8.3,5.5,2014
Call of Duty: Advanced Warfare,PS4,Activision,Sledgehammer Games,7530000,8.5,5.7,2014
LittleBigPlanet 3,PS4,Sony Computer Entertainment,Sumo Digital,2060000,7.9,7.2,2014
The LEGO Movie Videogame,PS4,Warner Bros. Interactive Entertainment,TT Fusion,710000,6,7.1,2014
The LEGO Movie Videogame,XOne,Warner Bros. Interactive Entertainment,TT Fusion,530000,6.5,6.7,2014
The Evil Within,XOne,Bethesda Softworks,Tango Gameworks,670000,7.9,7.4,2014
The Evil Within,PS4,Bethesda Softworks,Tango Gameworks,1860000,7.7,7.5,2014
Project Spark,XOne,Microsoft Studios,Team Dakota,170000,7.3,6.9,2014
LEGO The Hobbit,XOne,Warner Bros. Interactive Entertainment,Traveller's Tales,270000,6.9,6.9,2014
LEGO The Hobbit,PS4,Warner Bros. Interactive Entertainment,Traveller's Tales,620000,7.2,6.6,2014
Rayman Legends,PS4,Ubisoft,Ubisoft Montpellier,1500000,9.5,8.4,2014
Far Cry 4,XOne,Ubisoft,Ubisoft Montreal,1630000,8.5,7.6,2014
Child of Light,PS4,Ubisoft,Ubisoft Montreal,50000,9.3,8,2014
Watch Dogs,PS4,Ubisoft,Ubisoft Montreal,4320000,8,6.4,2014
Watch Dogs,XOne,Ubisoft,Ubisoft Montreal,1570000,7.8,5.9,2014
Far Cry 4,PS4,Ubisoft,Ubisoft Montreal,4060000,8.4,7.7,2014
Just Dance 2015,PS4,Ubisoft,Ubisoft Paris,410000,7.2,5.7,2014
Just Dance 2015,XOne,Ubisoft,Ubisoft Paris,530000,8.1,7.4,2014
The Crew,PS4,Ubisoft,Ubisoft Reflections,1790000,6.1,5.3,2014
The Crew,XOne,Ubisoft,Ubisoft Reflections,640000,6.4,5.7,2014
Sleeping Dogs: Definitive Edition,XOne,Square Enix,United Front Games,,7.5,7.8,2014
Sleeping Dogs: Definitive Edition,PS4,Square Enix,United Front Games,440000,7.7,7.3,2014
Trials Fusion,PS4,Ubisoft,Unknown,430000,8.2,7.1,2014
WWE 2K15,XOne,2K Sports,Visual Concepts,570000,5.6,5.5,2014
NBA 2K15,PS4,2K Sports,Visual Concepts,2490000,8.3,6.9,2014
NBA 2K15,XOne,2K Sports,Visual Concepts,1720000,8.2,6.2,2014
WWE 2K15,PS4,2K Sports,Visual Concepts,1160000,6.2,5.2,2014
Halo 5: Guardians,XOne,Microsoft Studios,343 Industries,4480000,8.6,6.4,2015
BlazBlue: Chrono Phantasma Extend,PS4,Aksys Games,Arc System Works,160000,8,7.6,2015
Dishonored: Definitive Edition,XOne,Bethesda Softworks,Arkane Studios,,7.6,7.4,2015
Dishonored: Definitive Edition,PS4,Bethesda Softworks,Arkane Studios,420000,8,7.4,2015
Just Cause 3,XOne,Square Enix,Avalanche Studios,900000,7,6.9,2015
Just Cause 3,PS4,Square Enix,Avalanche Studios,1980000,7.5,6.4,2015
Fallout 4,XOne,Bethesda Softworks,Bethesda Game Studios,4220000,8.4,6.4,2015
Fallout 4,PS4,Bethesda Softworks,Bethesda Game Studios,8480000,8.6,6.6,2015
Uncharted: The Nathan Drake Collection,PS4,Sony Computer Entertainment,Bluepoint Games,5700000,8.6,8.5,2015
Destiny: The Taken King,PS4,Activision,Bungie,2180000,8.6,6.2,2015
Destiny: The Taken King,XOne,Activision,Bungie,1190000,8.9,5.2,2015
The Witcher 3: Wild Hunt,XOne,Warner Bros. Interactive Entertainment,CD Projekt Red Studio,1310000,9.1,9.2,2015
The Witcher 3: Wild Hunt,PS4,Warner Bros. Interactive Entertainment,CD Projekt Red Studio,5390000,9.2,9.2,2015
Resident Evil: Revelations 2,XOne,Capcom,Capcom,100000,7.5,7.5,2015
Resident Evil: Revelations 2,PS4,Capcom,Capcom,570000,7.5,7.6,2015
Ultra Street Fighter IV,PS4,Sony Computer Entertainment,Capcom,100000,7.1,6.2,2015
Assassin's Creed Chronicles: China,PS4,Ubisoft,Climax Studios,40000,6.9,6,2015
F1 2015,XOne,Codemasters,Codemasters Birmingham,250000,6.4,6.1,2015
F1 2015,PS4,Codemasters,Codemasters Birmingham,680000,6.5,6.4,2015
Mighty No. 9,XOne,Eidos Interactive Ltd,Comcept,20000,5.5,4.1,2015
Omega Quintet,PS4,Compile Heart,Compile Heart,30000,5.8,7,2015
The Talos Principle,PS4,Nighthawk Interactive,Croteam,40000,8.8,8.2,2015
Rise of the Tomb Raider,XOne,Square Enix,Crystal Dynamics,1380000,8.6,8,2015
Mega Man Legacy Collection,XOne,Capcom,Digital Eclipse Software,,8,7,2015
Dragon Ball: Xenoverse,PS4,Namco Bandai Games,Dimps Corporation,1190000,6.9,7.7,2015
Dragon Ball: Xenoverse,XOne,Namco Bandai Games,Dimps Corporation,,6.7,7.3,2015
FIFA 16,XOne,EA Sports,EA Canada,3250000,8.5,4.4,2015
NHL 16,XOne,EA Sports,EA Canada,480000,8,6,2015
NHL 16,PS4,EA Sports,EA Canada,660000,7.8,5.4,2015
FIFA 16,PS4,EA Sports,EA Canada,8220000.0000000009,8.5,4.4,2015
Rory McIlroy PGA Tour,XOne,Electronic Arts,EA Tiburon,270000,6,4.2,2015
Madden NFL 16,PS4,EA Sports,EA Tiburon,3300000,8.2,5.9,2015
Madden NFL 16,XOne,EA Sports,EA Tiburon,2420000,8.4,6,2015
NBA Live 16,XOne,EA Sports,EA Tiburon,110000,6,5.6,2015
NBA Live 16,PS4,EA Sports,EA Tiburon,210000,5.9,6,2015
Rory McIlroy PGA Tour,PS4,Electronic Arts,EA Tiburon,550000,6.1,3.8,2015
Guitar Hero Live,XOne,Activision,FreeStyleGames,550000,8.1,5.1,2015
Guitar Hero Live,PS4,Activision,FreeStyleGames,1210000,8,6.2,2015
Dark Souls II: Scholar of the First Sin,PS4,Namco Bandai Games,From Software,690000,8.7,8,2015
Bloodborne,PS4,Sony Computer Entertainment,From Software,3110000,8.2,8.9,2015
Dark Souls II: Scholar of the First Sin,XOne,Namco Bandai Games,From Software,,8.9,7.7,2015
ScreamRide,XOne,Microsoft Studios,Frontier Developments,,7.1,4.8,2015
Grand Ages: Medieval,PS4,Kalypso Media,Gaming Minds Studios,90000,6.4,6.5,2015
Borderlands: The Handsome Collection,XOne,2K Games,Gearbox Software,430000,8,7.8,2015
Borderlands: The Handsome Collection,PS4,2K Games,Gearbox Software,1280000,8.2,7.9,2015
Darksiders II: Deathinitive Edition,XOne,Nordic Games,Gunfire Games,,7.5,7.1,2015
Darksiders II: Deathinitive Edition,PS4,Nordic Games,Gunfire Games,240000,7.5,7.4,2015
The Golf Club,XOne,Maximum Games,HB Studios,30000,6.4,5.3,2015
The Golf Club,PS4,Maximum Games,HB Studios,130000,6.6,6.4,2015
Tropico 5,PS4,Kalypso Media,Haemimont Games,380000,7.6,7.1,2015
Rock Band 4,XOne,Harmonix Music Systems,Harmonix Music Systems,470000,7.9,6.5,2015
Rock Band 4,PS4,Harmonix Music Systems,Harmonix Music Systems,570000,7.8,6.4,2015
Deadpool,PS4,Activision,High Moon Studios,470000,6,6,2015
The Crew: Wild Run,PS4,Ubisoft,Ivory Tower,140000,7.3,6.4,2015
The Book of Unwritten Tales 2,PS4,Nordic Games,KING Art Games,70000,6.3,6.5,2015
Nobunaga's Ambition: Sphere of Influence,PS4,Tecmo Koei,Koei,50000,8,7.5,2015
Metal Gear Solid V: The Phantom Pain,XOne,Konami Digital Entertainment,Kojima Productions,750000,9.5,7.4,2015
Metal Gear Solid V: The Phantom Pain,PS4,Konami Digital Entertainment,Kojima Productions,3040000,9.3,8.2,2015
Wolfenstein: The Old Blood,XOne,Bethesda Softworks,MachineGames,150000,8,7.9,2015
Wolfenstein: The Old Blood,PS4,Bethesda Softworks,MachineGames,480000,7.6,7.9,2015
Tearaway Unfolded,PS4,Sony Computer Entertainment,Media Molecule,240000,8.1,8,2015
God Eater 2: Rage Burst,PS4,Namco Bandai Games,Namco Bandai Games,120000,6.9,7.5,2015
Tales of Zestiria,PS4,Namco Bandai Games,Namco Bandai Games,450000,7.2,7.2,2015
Saint Seiya: Soldiers' Soul,PS4,Namco Bandai Games,Namco Bandai Games,300000,5.9,7.2,2015
Sword Art Online: Lost Song,PS4,Namco Bandai Games,Namco Bandai Games,360000,6.3,6.2,2015
Legend of Kay Anniversary,PS4,Nordic Games,Neon Studios,150000,6.2,5.9,2015
Mortal Kombat X,PS4,Warner Bros. Interactive Entertainment,NetherRealm Studios,3490000,8.3,7.8,2015
Mortal Kombat X,XOne,Warner Bros. Interactive Entertainment,NetherRealm Studios,1380000,8.6,7.5,2015
Disgaea 5: Alliance of Vengeance,PS4,NIS America,Nippon Ichi Software,350000,8,8.2,2015
Legend of Kay Anniversary,PS4,Nordic Games,Nordic Games,,6.2,5.9,2015
Bladestorm: Nightmare,PS4,Tecmo Koei,Omega Force,220000,5.8,6.2,2015
Samurai Warriors 4-II,PS4,Tecmo Koei,Omega Force,130000,7.3,6.9,2015
One Piece: Pirate Warriors 3,PS4,Tecmo Koei,Omega Force,520000,7.4,7.4,2015
Pro Evolution Soccer 2016,XOne,Konami Digital Entertainment,PES Productions,110000,8.5,6.1,2015
Pro Evolution Soccer 2016,PS4,Konami Digital Entertainment,PES Productions,820000,8.7,7.2,2015
Transformers: Devastation,XOne,Activision,PlatinumGames,140000,7.5,7.6,2015
Transformers: Devastation,PS4,Activision,PlatinumGames,240000,7.7,7.5,2015
MX vs. ATV Supercross Encore,PS4,Nordic Games,Rainbow Studios,60000,4.2,3.8,2015
Rare Replay,XOne,Microsoft Studios,Rare Ltd.,790000,8.4,8,2015
The Order: 1886,PS4,Sony Computer Entertainment,Ready at Dawn,1620000,6.2,6.6,2015
Zombie Army Trilogy,XOne,Rebellion Developments,Rebellion Developments,110000,6.2,6.9,2015
Zombie Army Trilogy,PS4,Rebellion Developments,Rebellion Developments,220000,6.2,6.8,2015
Trials Fusion,XOne,Ubisoft,RedLynx,240000,8.2,7.1,2015
Broken Sword 5: The Serpent's Curse,XOne,Revolution Software,Revolution Software,20000,7.7,7,2015
Tony Hawk's Pro Skater 5,PS4,Activision,Robomodo,230000,3.2,1.4,2015
Tony Hawk's Pro Skater 5,XOne,Activision,Robomodo,120000,3.9,2.1,2015
Batman: Arkham Knight,PS4,Warner Bros. Interactive,Rocksteady Studios,4110000.0000000009,8.1,7.8,2015
Batman: Arkham Knight,XOne,Warner Bros. Interactive Entertainment,Rocksteady Studios,1490000,8.5,6.8,2015
MLB 15: The Show,PS4,Sony Computer Entertainment,SCE San Diego Studio,,8,7.7,2015
God of War III Remastered,PS4,Sony Computer Entertainment Europe,SCEA Santa Monica Studio,,8.1,8,2015
God of War III Remastered,PS4,Sony Computer Entertainment,SCEA Santa Monica Studio,890000,8.1,8,2015
Earth Defense Force 4.1: The Shadow of New Despair,PS4,Xseed Games,Sandlot,190000,6.4,7.4,2015
Earth Defense Force 4.1: The Shadow of New Despair,PS4,Xseed Games,Sandlot,190000,6.4,7.4,2015
Toy Soldiers: War Chest,PS4,Ubisoft,Signal Studios,90000,6.2,7.2,2015
Toy Soldiers: War Chest,XOne,Ubisoft,Signal Studios,60000,6,8.3,2015
Project CARS,PS4,Bandai Namco Games,Slightly Mad Studios,1280000,8.3,6.6,2015
Project CARS,XOne,Bandai Namco Games,Slightly Mad Studios,260000,8.1,5.8,2015
Final Fantasy XIV: Heavensward,PS4,Square Enix,Square Enix,170000,8.6,8.3,2015
Final Fantasy Type-0 HD,PS4,Square Enix,Square Enix,1040000,7.2,7.5,2015
Final Fantasy X / X-2 HD Remaster,PS4,Square Enix,Square Enix,900000,8.4,8.7,2015
Final Fantasy Type-0 HD,XOne,Square Enix,Square Enix,,7.2,8.3,2015
Brothers: A Tale of Two Sons,PS4,505 Games,Starbreeze Studios,150000,8.1,7.9,2015
Until Dawn,PS4,Sony Computer Entertainment,Supermassive Games Ltd.,1900000,7.9,8.3,2015
Onechanbara Z2: Chaos,PS4,NIS America,Tamsoft,280000,5.7,6.8,2015
Dying Light,PS4,Warner Bros. Interactive,Techland,2450000,7.4,7.9,2015
Game of Thrones: A Telltale Games Series,PS4,Telltale Games,Telltale Games,60000,6.9,6.5,2015
Gears of War: Ultimate Edition,XOne,Microsoft Studios,The Coalition,3280000,8.2,7.6,2015
Axiom Verge,PS4,Thomas Happ Games,Thomas Happ Games,40000,8.4,7.8,2015
LEGO Dimensions,XOne,Warner Bros. Interactive Entertainment,Traveller's Tales,410000,8,7,2015
LEGO Jurassic World,PS4,Warner Bros. Interactive Entertainment,Traveller's Tales,1180000,7,7.1,2015
LEGO Jurassic World,XOne,Warner Bros. Interactive Entertainment,Traveller's Tales,650000,7,6.6,2015
LEGO Dimensions,PS4,Warner Bros. Interactive Entertainment,Traveller's Tales,1180000,8,7.2,2015
Call of Duty: Black Ops 3,PS4,Activision,Treyarch,15090000,8.1,4.9,2015
Forza Motorsport 6,XOne,Microsoft Studios,Turn 10 Studios,1800000,8.7,7.7,2015
Evolve,XOne,2K Games,Turtle Rock Studios,640000,7.4,5.1,2015
Evolve,PS4,2K Games,Turtle Rock Studios,1010000,7.6,4.3,2015
Zombi,PS4,Ubisoft,Ubisoft Montpellier,70000,7.5,5.8,2015
Just Dance 2016,XOne,Ubisoft,Ubisoft Paris,320000,6.6,6.1,2015
Just Dance 2016,PS4,Ubisoft,Ubisoft Paris,390000,7.3,5.8,2015
Assassin's Creed Syndicate,XOne,Ubisoft,Ubisoft Quebec,1300000,7.8,6.3,2015
Assassin's Creed Syndicate,PS4,Ubisoft,Ubisoft Quebec,3600000,8.6,6.9,2015
State of Decay: Year One Survival Edition,XOne,Microsoft Studios,Undead Labs,,7.2,6.8,2015
NBA 2K16,XOne,2K Sports,Visual Concepts,2340000,8.3,6.1,2015
NBA 2K16,PS4,2K Sports,Visual Concepts,3980000,8.7,6.7,2015
Saints Row IV: Re-Elected,XOne,Deep Silver,Volition Inc.,,7.3,7.4,2015
Saints Row IV: Re-Elected,PS4,Deep Silver,Volition Inc.,420000,7.5,7.3,2015
Shovel Knight,XOne,Yacht Club Games,Yacht Club Games,,8.6,7.7,2015
Shovel Knight,PS4,Yacht Club Games,Yacht Club Games,140000,9,7.7,2015
WWE 2K16,XOne,Take-Two Interactive,Yuke's,590000,7.2,5.4,2015
WWE 2K16,PS4,Take-Two Interactive,Yuke's,1290000,7.3,7.2,2015
The Elder Scrolls Online: Tamriel Unlimited,PS4,Bethesda Softworks,ZeniMax Online Studios,2050000,7.4,7.7,2015
The Elder Scrolls Online: Tamriel Unlimited,XOne,Bethesda Softworks,ZeniMax Online Studios,,7.7,8.3,2015
Psycho-Pass: Mandatory Happiness,PS4,NIS America,5pb. Inc.,150000,7.2,6.7,2016
Steins;Gate 0,PS4,PQube,5pb. Inc.,70000,8.1,7.9,2016
Aegis of Earth: Protonovus Assault,PS4,Aksys Games,Acquire,40000,5.7,6.4,2016
Sword Art Online: Hollow Realization,PS4,Namco Bandai Games,Aquria,410000,6.9,7.5,2016
BlazBlue: Central Fiction,PS4,Aksys Games,Arc System Works,170000,8.4,7.7,2016
Dishonored 2,PS4,Bethesda Softworks,Arkane Studios,1970000,8.8,7.9,2016
Dishonored 2,XOne,Bethesda Softworks,Arkane Studios,220000,8.8,7.2,2016
ReCore,XOne,Microsoft Studios,Armature Studio,150000,6.3,6.7,2016
Agatha Christie's The ABC Murders,XOne,Unfinished Pixel,Artefacts Studio,10000,6.6,6.7,2016
Agatha Christie's The ABC Murders,PS4,Unfinished Pixel,Artefacts Studio,80000,6.7,6.1,2016
The Elder Scrolls V: Skyrim Special Edition,XOne,Bethesda Softworks,Bethesda Softworks,,8.1,7.4,2016
The Elder Scrolls V: Skyrim Special Edition,PS4,Bethesda Softworks,Bethesda Softworks,3360000,8.3,7.1,2016
Sherlock Holmes: The Devil's Daughter,PS4,Bigben Interactive,Bigben Interactive,60000,7.1,7.1,2016
Sherlock Holmes: The Devil's Daughter,XOne,Bigben Interactive,Bigben Interactive,,6.6,7.1,2016
BioShock: The Collection,XOne,2K Games,"Blind Squirrel Digital, Inc",,8.4,8.7,2016
BioShock: The Collection,PS4,2K Games,"Blind Squirrel Digital, Inc",860000,8.4,8.4,2016
Overwatch,PS4,Blizzard Entertainment,Blizzard Entertainment,4540000,8.8,6.4,2016
Overwatch,XOne,Blizzard Entertainment,Blizzard Entertainment,1060000,8.7,5.9,2016
Gravity Rush Remastered,PS4,Sony Computer Entertainment,Bluepoint Games,180000,7.9,8.1,2016
Gravity Rush Remastered,PS4,Sony Computer Entertainment Europe,Bluepoint Games,,8,8.1,2016
EVE: Valkyrie,PS4,Sony Interactive Entertainment,CCP,210000,7.1,6.8,2016
Touhou Genso Rondo: Bullet Ballet,PS4,NIS America,CUBETYPE,70000,5.5,5.3,2016
Street Fighter V,PS4,Capcom,Capcom,1390000,7.7,3.6,2016
Resident Evil 5,XOne,Capcom,Capcom,,7.5,7.3,2016
Resident Evil 6,XOne,Capcom,Capcom,50000,6.3,6.4,2016
Resident Evil 5,PS4,Capcom,Capcom,70000,6.9,7.4,2016
Resident Evil 4,PS4,Capcom,Capcom,100000,8.2,8.2,2016
Resident Evil 6,PS4,Capcom,Capcom,170000,6,6.6,2016
Dead Rising 4,XOne,Microsoft Studios,Capcom,,7.2,4.7,2016
Resident Evil 4,XOne,Capcom,Capcom,,7.6,8,2016
DiRT Rally,XOne,Codemasters,Codemasters,120000,8.6,8.1,2016
DiRT Rally,PS4,Codemasters,Codemasters,510000,8.5,7.9,2016
F1 2016,XOne,Codemasters,Codemasters,,8.5,7.8,2016
Mighty No. 9,PS4,Deep Silver,Comcept,110000,5.2,3.5,2016
Megadimension Neptunia VII,PS4,Idea Factory International,Compile Heart,40000,7.1,7,2016
Fairy Fencer F: Advent Dark Force,PS4,Idea Factory International,Compile Heart,140000,7.1,6.8,2016
Robinson: The Journey,PS4,Sony Interactive Entertainment,Crytek,270000,6.4,6.7,2016
Naruto Shippuden: Ultimate Ninja Storm 4,PS4,Namco Bandai Games,CyberConnect2,1540000,7.9,8,2016
Naruto Shippuden: Ultimate Ninja Storm 4,XOne,Namco Bandai Games,CyberConnect2,300000,8,8.4,2016
Life is Strange,PS4,Square Enix,DONTNOD Entertainment,370000,8.5,8.6,2016
Homefront: The Revolution,PS4,Deep Silver,Dambuster Studios,500000,4.8,4,2016
Homefront: The Revolution,XOne,Deep Silver,Dambuster Studios,140000,4.9,4.5,2016
Mega Man Legacy Collection,PS4,Capcom,Digital Eclipse Software,110000,7.7,6.4,2016
Dragon Ball: Xenoverse 2,XOne,Namco Bandai Games,Dimps Corporation,200000,7.3,7.9,2016
Dragon Ball: Xenoverse 2,PS4,Namco Bandai Games,Dimps Corporation,1500000,7.1,7.5,2016
NHL 17,PS4,EA Sports,EA Canada,520000,7.8,5.6,2016
FIFA 17,PS4,Electronic Arts,EA Canada,10940000,8.9,4.8,2016
FIFA 17,XOne,Electronic Arts,EA Canada,2650000,8.8,5.1,2016
EA Sports UFC 2,XOne,EA Sports,EA Canada,410000,7.6,5.6,2016
NHL 17,XOne,EA Sports,EA Canada,240000,7.7,4,2016
EA Sports UFC 2,PS4,EA Sports,EA Canada,1310000,7.9,5.8,2016
Mirror's Edge Catalyst,PS4,Electronic Arts,EA DICE,420000,6.9,5.6,2016
Battlefield 1,XOne,Electronic Arts,EA DICE,2250000,9.3,7.6,2016
Battlefield 1,PS4,Electronic Arts,EA DICE,7260000,9.1,7.9,2016
Mirror's Edge Catalyst,XOne,Electronic Arts,EA DICE,160000,7.2,5.7,2016
Madden NFL 17,PS4,EA Sports,EA Tiburon,3280000,8.5,4.4,2016
Madden NFL 17,XOne,EA Sports,EA Tiburon,1230000,8.1,5.4,2016
Deus Ex: Mankind Divided,PS4,Square Enix,Eidos Montreal,720000,8.4,7.6,2016
Deus Ex: Mankind Divided,XOne,Square Enix,Eidos Montreal,170000,8.3,7.3,2016
Driveclub VR,PS4,Sony Interactive Entertainment,Evolution Studios,270000,6.6,6.7,2016
Nitroplus Blasterz: Heroines Infinite Duel,PS4,Xseed Games,Examu Inc.,50000,7,6.8,2016
XCOM 2,XOne,2K Games,Firaxis Games,50000,8.7,7.4,2016
XCOM 2,PS4,2K Games,Firaxis Games,310000,8.7,7.3,2016
Dark Souls III,PS4,Namco Bandai Games,From Software,2420000,8.9,8.8,2016
Dark Souls III,XOne,Namco Bandai Games,From Software,390000,8.7,8.6,2016
Duke Nukem 3D: 20th Anniversary World Tour,PS4,Gearbox Software,Gearbox Software,90000,7.7,7.4,2016
Battleborn,PS4,2K Games,Gearbox Software,480000,6.8,6.8,2016
Battleborn,XOne,2K Games,Gearbox Software,150000,7.1,7.2,2016
Farming Simulator 17,PS4,Focus Home Interactive,Giants Software,850000,6.9,6.5,2016
Let It Die,PS4,GungHo,Grasshopper Manufacture,10000,7.2,7.2,2016
RIGS: Mechanized Combat League,PS4,Sony Interactive Entertainment,Guerrilla Cambridge,230000,7.8,7.6,2016
Nights of Azure,PS4,Tecmo Koei,Gust,180000,6.7,7.2,2016
Nights of Azure,PS4,Tecmo Koei,Gust,180000,6.7,7.2,2016
Atelier Sophie: The Alchemist of the Mysterious Book,PS4,Tecmo Koei,Gust,150000,7.5,7.6,2016
Mark McMorris Infinite Air,PS4,Maximum Games,HB Studios,60000,5,7.1,2016
Mafia III,XOne,2K Games,Hangar 13,620000,6.8,4.8,2016
Mafia III,PS4,2K Games,Hangar 13,2870000,6.9,5.2,2016
No Man's Sky,PS4,Hello Games,Hello Games,2260000,6.8,4.6,2016
Call of Duty: Infinite Warfare,PS4,Activision,Infinity Ward,8480000,7.7,3.8,2016
Call of Duty: Infinite Warfare,XOne,Activision,Infinity Ward,2420000,7.8,3.6,2016
Song of the Deep,XOne,Insomniac Games,Insomniac Games,60000,6.6,7.1,2016
Song of the Deep,PS4,Insomniac Games,Insomniac Games,150000,6.9,7.1,2016
Prison Architect,XOne,Introversion Software,Introversion Software,10000,7.5,6.8,2016
Prison Architect,PS4,Introversion Software,Introversion Software,50000,8,7.1,2016
The Dwarves,XOne,THQ Nordic,KING Art Games,,5.8,3.9,2016
The Dwarves,PS4,THQ Nordic,KING Art Games,30000,6,6.1,2016
Root Letter,PS4,PQube,Kadokawa Games,30000,6.8,6.8,2016
Darksiders: Warmastered Edition,XOne,THQ Nordic,Kaiko,10000,8,8,2016
Darksiders: Warmastered Edition,PS4,THQ Nordic,Kaiko,110000,8.1,7.6,2016
Arslan: The Warriors of Legend,PS4,Tecmo Koei,Koei Tecmo Games,140000,6.9,6.5,2016
Nobunaga's Ambition: Sphere of Influence - Ascension,PS4,Tecmo Koei,Koei Tecmo Games,90000,7.4,6.7,2016
Romance of the Three Kingdoms XIII,PS4,Tecmo Koei,Koei Tecmo Games,100000,6.7,7.1,2016
Assetto Corsa,PS4,505 Games,Kunos Simulazioni,80000,7.3,6.1,2016
Assetto Corsa,XOne,505 Games,Kunos Simulazioni,20000,6,6.6,2016
Skullgirls: 2nd Encore,PS4,Arc System Works,Lab Zero Games,20000,8.2,7.4,2016
Aragami,PS4,Maximum Games,Lince Works,40000,7.1,7.1,2016
Senran Kagura: Estival Versus,PS4,Xseed Games,Marvelous Entertainment,180000,6.7,7.6,2016
Tom Clancy's The Division,PS4,Ubisoft,Massive Entertainment,4370000,8,7,2016
Tom Clancy's The Division,XOne,Ubisoft,Massive Entertainment,2160000,8,6.9,2016
Ziggurat,PS4,Soedesco,Milkstone Studios,10000,8,7,2016
Grand Kingdom,PS4,NIS America,Monochrome Corporation,140000,7.8,7.5,2016
NASCAR Heat Evolution,PS4,Dusenberry Martin Racing,Monster Games,150000,6.6,4.4,2016
JoJo's Bizarre Adventure: Eyes of Heaven,PS4,Namco Bandai Games,Namco Bandai Games,40000,6.1,7.2,2016
God Eater Resurrection,PS4,Namco Bandai Games,Namco Bandai Games,90000,7,7.2,2016
Uncharted 4: A Thief's End,PS4,Sony Interactive Entertainment,Naughty Dog,10330000,9.2,8.4,2016
Attack on Titan,XOne,Tecmo Koei,Omega Force,,7.7,6.4,2016
Pro Evolution Soccer 2017,PS4,Konami Digital Entertainment,PES Productions,750000,8.5,7.3,2016
Pro Evolution Soccer 2017,XOne,Konami Digital Entertainment,PES Productions,50000,8.7,5.8,2016
Teenage Mutant Ninja Turtles: Mutants in Manhattan,PS4,Activision,PlatinumGames,120000,4.4,5.5,2016
Teenage Mutant Ninja Turtles: Mutants in Manhattan,XOne,Activision,PlatinumGames,40000,5.5,6,2016
Forza Horizon 3,XOne,Microsoft Studios,Playground Games,1080000,9,8,2016
Rocket League,XOne,505 Games,Psyonix Studios,240000,8,8.2,2016
Rocket League,PS4,505 Games,Psyonix Studios,2020000,8.7,8.5,2016
Super Dungeon Bros,PS4,Wired Productions,React Games,30000,4.3,1.9,2016
Dungeons 2,PS4,Kalypso Media,Realmforge Studios,20000,6.1,6.9,2016
Battlezone,PS4,Sony Interactive Entertainment,Rebellion Developments,160000,6.6,7.1,2016
Hyper Light Drifter,PS4,Rebellion Games,Rebellion Games,10000,8,7.7,2016
Quantum Break,XOne,Microsoft Studios,Remedy Entertainment,560000,7.7,7.1,2016
Titanfall 2,XOne,Electronic Arts,Respawn Entertainment,570000,8.7,8.3,2016
Titanfall 2,PS4,Electronic Arts,Respawn Entertainment,1720000,8.9,8.4,2016
Batman: Arkham VR,PS4,Warner Bros. Interactive Entertainment,Rocksteady Studios,390000,7.4,7.2,2016
Batman: Return to Arkham,PS4,Warner Bros. Interactive Entertainment,Rocksteady Studios,640000,7.3,8.1,2016
The Last Guardian,PS4,Sony Interactive Entertainment,SIE Japan Studio,1290000,7.9,8,2016
The King of Fighters XIV,PS4,Atlus,SNK Playmore,340000,7.9,8.2,2016
Valkyria Chronicles Remastered,PS4,Sega,Sega,330000,8.4,8.2,2016
Hatsune Miku: Project Diva X,PS4,Sega,Sega,130000,7.8,7.3,2016
The Technomancer,XOne,Focus Home Interactive,Spiders,30000,6.8,7.3,2016
The Technomancer,PS4,Focus Home Interactive,Spiders,90000,6,6.7,2016
One Piece: Burning Blood,PS4,Namco Bandai Games,Spike Chunsoft,650000,6.6,7.3,2016
One Piece: Burning Blood,XOne,Namco Bandai Games,Spike Chunsoft,60000,6,6.4,2016
World of Final Fantasy,PS4,Square Enix,Square Enix,620000,7.7,7.7,2016
Final Fantasy XV,PS4,Square Enix,Square Enix,5070000,8.1,9.5,2016
Final Fantasy XV,XOne,Square Enix,Square Enix,,8.3,7.7,2016
Carmageddon: Max Damage,PS4,Stainless Games,Stainless Games,20000,5.1,5.9,2016
Until Dawn: Rush of Blood,PS4,Sony Interactive Entertainment,Supermassive Games Ltd.,850000,7.2,7.7,2016
Here They Lie,PS4,Sony Interactive Entertainment,Tangentlemen,40000,6.2,6.8,2016
Super Meat Boy,PS4,Team Meat,Team Meat,10000,8.5,7,2016
Dead or Alive Xtreme 3: Fortune,PS4,Tecmo Koei,Team Ninja,60000,4.3,7.4,2016
Dying Light,XOne,Warner Bros. Interactive Entertainment,Techland,1290000,7.4,7.8,2016
Gears of War 4,XOne,Microsoft Studios,The Coalition,1350000,8.4,6.9,2016
Dino Dini's Kick Off Revival,PS4,Avanquest,The Digital Lounge,30000,3.1,4.6,2016
7 Days to Die,PS4,Telltale Games,The Fun Pimps,210000,4.5,5.8,2016
7 Days to Die,XOne,Telltale Games,The Fun Pimps,50000,3.5,5.4,2016
Skylanders Imaginators,PS4,Activision,Toys for Bob,430000,7.9,5.3,2016
Skylanders Imaginators,XOne,Activision,Toys for Bob,100000,7.8,5.2,2016
LEGO Marvel's Avengers,PS4,Warner Bros. Interactive Entertainment,Traveller's Tales,1010000,7.1,7.1,2016
LEGO Marvel's Avengers,XOne,Warner Bros. Interactive Entertainment,Traveller's Tales,350000,7.1,5.3,2016
LEGO Harry Potter Collection,PS4,Warner Bros. Interactive Entertainment,Traveller's Tales,880000,7.3,7.3,2016
Lumo,PS4,Rising Star Games,Triple Eh?,40000,7.3,5.9,2016
Killing Floor 2,PS4,Tripwire Interactive,Tripwire Interactive,270000,7.5,7.3,2016
Watch Dogs 2,XOne,Ubisoft,Ubisoft,360000,8.1,7.3,2016
Eagle Flight,PS4,Ubisoft,Ubisoft,200000,7.3,6.9,2016
Watch Dogs 2,PS4,Ubisoft,Ubisoft,3360000,8.2,7.7,2016
Werewolves Within,PS4,Ubisoft,Ubisoft,50000,7.6,7.1,2016
Steep,XOne,Ubisoft,Ubisoft Annecy,,7.2,6.4,2016
Steep,PS4,Ubisoft,Ubisoft Annecy,1010000,7.1,6.4,2016
Zombi,XOne,Ubisoft,Ubisoft Montpellier,,7.2,6.3,2016
Just Dance 2017,XOne,Ubisoft,Ubisoft Paris,40000,7.3,6.6,2016
Just Dance 2017,PS4,Ubisoft,Ubisoft Paris,240000,7.3,6.7,2016
Earth's Dawn,PS4,Rising Star Games,Unknown,20000,6.8,6.7,2016
NBA 2K17,XOne,2K Sports,Visual Concepts,1020000,8.8,6,2016
NBA 2K17,PS4,2K Sports,Visual Concepts,3520000,9,6.4,2016
Shantae: Half-Genie Hero,PS4,Xseed Games,Way Forward Technologies,80000,8.1,7.6,2016
WWE 2K17,PS4,2K Games,Yuke's,1220000,6.9,6.1,2016
WWE 2K17,XOne,2K Games,Yuke's,260000,6.8,4.9,2016
Zombie Vikings,PS4,Rising Star Games,Zoink Games,10000,6.4,7,2016
Super Stardust Ultra VR,PS4,Sony Interactive Entertainment,d3t Ltd,20000,6.6,6.4,2016
Assault Suit Leynos,PS4,Rising Star Games,"extreme Co.,Ltd.",50000,6.7,6.7,2016
Exist Archive: The Other Side of the Sky,PS4,Aksys Games,tri-Ace,60000,6.9,7,2016
Baja: Edge of Control HD,PS4,THQ Nordic,2XL Games,30000,6.5,5.9,2017
Chaos;Child,PS4,PQube,5pb. Inc.,20000,7.6,7.8,2017
Little Witch Academia: Chamber of Time,PS4,Bandai Namco Entertainment,A+ Games,10000,5.8,6.4,2017
Touhou Genso Wanderer,PS4,NIS America,AQUA STYLE,50000,7,6.7,2017
Akiba's Beat,PS4,Xseed Games,Acquire,80000,5.5,6.7,2017
Battle Chasers: Nightwar,PS4,THQ Nordic,Airship Syndicate,60000,7.5,6.5,2017
Battle Chasers: Nightwar,XOne,THQ Nordic,Airship Syndicate,,8.4,6.6,2017
Utawarerumono: Mask of Deception,PS4,Atlus,Aqua Plus,130000,6.8,7.2,2017
Utawarerumono: Mask of Truth,PS4,Atlus,Aqua Plus,130000,7.5,7.6,2017
Birthdays the Beginning,PS4,NIS America,Arc System Works,60000,6.5,6.5,2017
Dishonored: Death of the Outsider,XOne,Bethesda Softworks,Arkane Studios,,8.4,6.7,2017
Dishonored: Death of the Outsider,PS4,Bethesda Softworks,Arkane Studios,330000,8.2,7,2017
Disneyland Adventures,XOne,Microsoft Studios,Asobo Studio,,6.7,6.9,2017
Persona 5,PS4,Atlus,Atlus,1640000,9.3,8.7,2017
Cars 3: Driven to Win,XOne,Warner Bros. Interactive Entertainment,Avalanche Software,,5.9,7,2017
Cars 3: Driven to Win,PS4,Warner Bros. Interactive Entertainment,Avalanche Software,290000,7.2,5.9,2017
Digimon World: Next Order,PS4,Namco Bandai Games,Bandai Namco Games,240000,6.8,6.4,2017
Dead by Daylight,XOne,505 Games,Behaviour Interactive Inc.,,5.8,6.2,2017
Dead by Daylight,PS4,505 Games,Behaviour Interactive Inc.,220000,6.4,6.1,2017
The Elder Scrolls V: Skyrim VR,PS4,Bethesda Softworks,Bethesda Softworks,1130000,7.7,8.1,2017
Outcast: Second Contact,PS4,Maximum Games,Bigben Interactive,60000,6.1,7.2,2017
Mass Effect: Andromeda,XOne,Electronic Arts,BioWare Corp.,,7.6,4.9,2017
Mass Effect: Andromeda,PS4,Electronic Arts,BioWare Corp.,1490000,7.1,4.9,2017
Bubsy: The Woolies Strike Back,PS4,Accolade,Black Forest Games,50000,4.5,5.8,2017
Destiny 2,PS4,Activision,Bungie,4140000,8.5,4.9,2017
Destiny 2,XOne,Activision,Bungie,,8.7,4.2,2017
Touhou Kobuto V: Burst Battle,PS4,NIS America,CUBETYPE,30000,4.2,3,2017
Marvel vs. Capcom: Infinite,PS4,Capcom,Capcom,700000,7.2,4.5,2017
Marvel vs. Capcom: Infinite,XOne,Capcom,Capcom,,7.7,5,2017
Mega Man Legacy Collection 2,PS4,Capcom,Capcom,100000,7.1,7.2,2017
Dragon's Dogma: Dark Arisen,XOne,Capcom,Capcom,,8,8.3,2017
Ultimate Marvel vs. Capcom 3,PS4,Capcom,Capcom,260000,7.7,7.2,2017
Resident Evil: Revelations,PS4,Capcom,Capcom,180000,7.2,7.2,2017
Dragon's Dogma: Dark Arisen,PS4,Capcom,Capcom,210000,7.8,8.2,2017
Dead Rising 4: Frank's Big Package,PS4,Capcom,Capcom,160000,7.2,5.3,2017
Zero Escape: Zero Time Dilemma,PS4,Rising Star Games,Chime,30000,8,6.8,2017
Sniper: Ghost Warrior 3,XOne,City Interactive,City Interactive,,5.7,6.3,2017
Sniper: Ghost Warrior 3,PS4,City Interactive,City Interactive,360000,5.5,6.4,2017
Everybody's Golf,PS4,Sony Interactive Entertainment,Clap Hanz,560000,8.1,7.8,2017
Okami HD,PS4,Capcom,Clover Studio,360000,8.7,8,2017
Okami HD,XOne,Capcom,Clover Studio,,8.7,8.2,2017
DiRT 4,XOne,Deep Silver,Codemasters,,8.6,6.7,2017
F1 2017,PS4,Deep Silver,Codemasters,620000,8.6,7.6,2017
F1 2017,XOne,Deep Silver,Codemasters,,8.4,7.2,2017
DiRT 4,PS4,Deep Silver,Codemasters,490000,8.5,7.5,2017
F1 2016,PS4,Codemasters,Codemasters,780000,8.2,7.9,2017
Dark Rose Valkyrie,PS4,Idea Factory International,Compile Heart,90000,5.8,6.4,2017
Cyberdimension Neptunia: 4 Goddesses Online,PS4,Idea Factory International,Compile Heart,140000,7.1,7.2,2017
Stardew Valley,PS4,505 Games,ConcernedApe,100000,8.8,7.6,2017
Stardew Valley,XOne,505 Games,ConcernedApe,,8.8,7.7,2017
Halo Wars 2,XOne,Microsoft Studios,Creative Assembly,,7.9,6,2017
Styx: Shards of Darkness,PS4,Focus Home Interactive,Cyanide Studio,70000,7.2,7.1,2017
Space Hulk: Deathwing,PS4,Focus Home Interactive,Cyanide Studio,20000,5.5,7.5,2017
Styx: Shards of Darkness,XOne,Focus Home Interactive,Cyanide Studio,,7.2,7.5,2017
.hack//G.U. Last Recode,PS4,Namco Bandai Games,CyberConnect2,240000,7.6,7.9,2017
The Surge,XOne,Focus Home Interactive,DECK13 Interactive,,7.4,7.3,2017
The Surge,PS4,Focus Home Interactive,DECK13 Interactive,190000,7.3,6.8,2017
Sine Mora EX,PS4,THQ Nordic,Digital Reality,60000,8.1,7.6,2017
Hello Neighbor,XOne,Gearbox Software,Dynamic Pixels,,4.2,4.3,2017
NHL 18,PS4,EA Sports,EA Canada,570000,7.5,3.5,2017
NHL 18,XOne,EA Sports,EA Canada,,7.7,3.8,2017
NBA Live 18,PS4,EA Sports,EA Sports,240000,7.2,6,2017
NBA Live 18,XOne,EA Sports,EA Sports,,7.2,5.3,2017
Madden NFL 18,PS4,EA Sports,EA Tiburon,2620000,8.2,3.7,2017
Madden NFL 18,XOne,EA Sports,EA Tiburon,,8.8,4.5,2017
FIFA 18,PS4,EA Sports,EA Vancouver,11800000,8.3,3.4,2017
FIFA 18,XOne,EA Sports,EA Vancouver,,8,3,2017
Rugby 18,PS4,Koch Media,EKO Software,60000,4.1,4.7,2017
Fortnite,PS4,Gearbox Software,Epic Games,890000,7.8,3.9,2017
Elite: Dangerous,XOne,Frontier Developments,Frontier Developments,,8,7.2,2017
Elite: Dangerous,PS4,Frontier Developments,Frontier Developments,190000,7.7,7.1,2017
Has-Been Heroes,PS4,GameTrust,Frozenbyte,70000,6.1,6.5,2017
Vikings: Wolves of Midgard,XOne,Kalypso Media,Games Farm,,6.4,7.3,2017
Vikings: Wolves of Midgard,PS4,Kalypso Media,Games Farm,40000,6.7,6.6,2017
ABZU,PS4,505 Games,Giant Squid Studios,40000,7.8,7.6,2017
The Silver Case,PS4,NIS America,Grasshopper Manufacture,70000,6.4,6.2,2017
Horizon: Zero Dawn,PS4,Sony Interactive Entertainment,Guerrilla Games,5820000,9.1,8,2017
Atelier Firis: The Alchemist and the Mysterious Journey,PS4,Tecmo Koei,Gust,80000,7.4,7,2017
Hitman,PS4,Square Enix,IO Interactive,780000,8.4,7.9,2017
Friday the 13th: The Game,PS4,Gun Media,IllFonic,480000,6.1,6.2,2017
Dead Alliance,XOne,Maximum Games,IllFonic,,4.3,3.4,2017
Friday the 13th: The Game,XOne,Gun Media,IllFonic,,5.3,5.5,2017
Farpoint,PS4,Sony Interactive Entertainment,Impulse Gear,480000,7.1,8.1,2017
Torment: Tides of Numenera,XOne,Techland,InXile Entertainment,,7.9,6.8,2017
Torment: Tides of Numenera,PS4,Techland,InXile Entertainment,10000,7.6,6.8,2017
Call of Duty: Modern Warfare Remastered,PS4,Activision,Infinity Ward,580000,8.3,6.9,2017
Black Mirror,PS4,THQ Nordic,KING Art Games,50000,5.4,5.4,2017
Black Mirror,XOne,THQ Nordic,KING Art Games,,5.7,2.9,2017
God Wars: Future Past,PS4,NIS America,Kadokawa Games,70000,7.4,7.1,2017
Portal Knights,XOne,505 Games,Keen Games,,7.7,6.2,2017
Portal Knights,PS4,505 Games,Keen Games,120000,7.1,6.5,2017
Sudden Strike 4,PS4,Kalypso Media,Kite Games,100000,6.3,7.2,2017
Pro Evolution Soccer 2018,XOne,Konami Digital Entertainment,Konami Digital Entertainment,,8.2,6.4,2017
Pro Evolution Soccer 2018,PS4,Konami Digital Entertainment,Konami Digital Entertainment,750000,8.3,7.2,2017
WRC 7,XOne,Bigben Interactive,Kylotonn Entertainment,,7,7.7,2017
FlatOut 4: Total Insanity,PS4,Unfinished Pixel,Kylotonn Entertainment,20000,6.2,6.6,2017
WRC 7,PS4,Bigben Interactive,Kylotonn Entertainment,70000,7,7.2,2017
FlatOut 4: Total Insanity,XOne,Strategy First,Kylotonn Entertainment,,6.6,6.3,2017
The Town of Light,XOne,THQ Nordic,LKA,,6,6.9,2017
The Town of Light,PS4,Wired Productions,LKA,30000,6.7,6.1,2017
Raid: World War II,XOne,505 Games,Lion Game Lion,,4.6,6.1,2017
Raid: World War II,PS4,505 Games,Lion Game Lion,40000,4.6,3.5,2017
Wolfenstein II: The New Colossus,PS4,Bethesda Softworks,MachineGames,1360000,9,7.5,2017
Wolfenstein II: The New Colossus,XOne,Bethesda Softworks,MachineGames,,8.8,6.2,2017
Fate/Extella: The Umbral Star,PS4,Xseed Games,Marvelous Entertainment,270000,6.7,7,2017
Senran Kagura: Peach Beach Splash,PS4,Xseed Games,Marvelous Entertainment,210000,7,7.1,2017
The Sims 4,PS4,Electronic Arts,Maxis,1390000,6.6,3.7,2017
The Sims 4,XOne,Electronic Arts,Maxis,,6.6,2.8,2017
Valkyria Revolution,PS4,Sega,Media.Vision,160000,5.4,5.9,2017
Valkyria Revolution,XOne,Sega,Media.Vision,,5.6,5.6,2017
Summon Night 6: Lost Borders,PS4,Gaijinworks,Media.Vision,90000,7.1,6.7,2017
Moto Racer 4,PS4,Microids,Microids,10000,4.9,5.4,2017
Ride 2,PS4,Milestone S.r.l,Milestone S.r.l.,160000,6.9,6.3,2017
Ride 2,XOne,Milestone S.r.l,Milestone S.r.l.,10000,6.6,7.4,2017
MotoGP 17,PS4,Koch Media,Milestone S.r.l.,140000,6.8,3.4,2017
Shadow Tactics: Blades of the Shogun,PS4,Kalypso Media,Mimimi Productions,40000,8.5,7.9,2017
NASCAR Heat 2,PS4,704Games,Monster Games,130000,6.6,6.2,2017
Aven Colony,XOne,Sold Out,Mothership Entertainment,,7.7,7.2,2017
Aven Colony,PS4,Sold Out,Mothership Entertainment,60000,7.3,6.9,2017
Tekken 7,XOne,Namco Bandai Games,Namco Bandai Games,,8.1,6.3,2017
Gundam Versus,PS4,Namco Bandai Games,Namco Bandai Games,280000,7.3,6.4,2017
Tekken 7,PS4,Namco Bandai Games,Namco Bandai Games,1700000,8.2,6.8,2017
Accel World vs. Sword Art Online: Millennium Twilight,PS4,Namco Bandai Games,Namco Bandai Games,100000,6.4,6.1,2017
Tales of Berseria,PS4,Namco Bandai Games,Namco Bandai Games,650000,7.9,7,2017
Uncharted: The Lost Legacy,PS4,Sony Interactive Entertainment,Naughty Dog,2370000,8.4,7.7,2017
Injustice 2,XOne,Warner Bros. Interactive Entertainment,NetherRealm Studios,,8.9,8.2,2017
Injustice 2,PS4,Warner Bros. Interactive Entertainment,NetherRealm Studios,1720000,8.7,8.1,2017
Redout,XOne,505 Games,Nicalis,,7.6,8.2,2017
Redout,PS4,505 Games,Nicalis,20000,8.1,7.4,2017
Tokyo Xanadu eX+,PS4,Aksys Games,Nihon Falcom Corporation,100000,7.5,7.4,2017
Yomawari: Midnight Shadows,PS4,NIS America,Nippon Ichi Software,60000,7.7,6.8,2017
Warriors All-Stars,PS4,Tecmo Koei,Omega Force,100000,7,6.5,2017
Berserk and the Band of the Hawk,PS4,Tecmo Koei,Omega Force,160000,6.6,6.7,2017
Toukiden 2,PS4,Tecmo Koei,Omega Force,150000,7.7,7.6,2017
Attack on Titan,PS4,Tecmo Koei,Omega Force,500000,7.4,7,2017
Dynasty Warriors: Godseekers,PS4,Tecmo Koei,Omega Force,30000,7,6.6,2017
Samurai Warriors: Spirit of Sanada,PS4,Tecmo Koei,Omega Force,70000,7.4,6.8,2017
Job Simulator,PS4,Sony Interactive Entertainment,Owlchemy Labs,120000,7.1,7,2017
PlayerUnknown's Battlegrounds,XOne,Microsoft Studios,PUBG Corporation,,8.5,5,2017
Sonic Mania,XOne,Sega,PagodaWest Games,,8.3,8.2,2017
Sonic Mania,PS4,Sega,PagodaWest Games,310000,8.6,8.4,2017
Bulletstorm: Full Clip Edition,PS4,Gearbox Software,People Can Fly,130000,7.5,6.9,2017
Bulletstorm: Full Clip Edition,XOne,Gearbox Software,People Can Fly,,8.2,7.3,2017
Elex,XOne,THQ Nordic,Piranha Bytes,,6.2,6.4,2017
Elex,PS4,THQ Nordic,Piranha Bytes,230000,5.8,6.4,2017
NieR: Automata,PS4,Square Enix,PlatinumGames,1710000,8.8,8.9,2017
Super Lucky's Tale,XOne,Microsoft Studios,Playful Corp.,,6.5,6.9,2017
Yooka-Laylee,XOne,Sold Out,Playtonic Games,,7.3,9.3,2017
Gran Turismo Sport,PS4,Sony Interactive Entertainment,Polyphony Digital,3770000,7.5,6,2017
Yonder: The Cloud Catcher Chronicles,PS4,CokeM Interactive,Prideful Sloth,40000,6.4,7.7,2017
Sniper Elite 4,PS4,Rebellion Developments,Rebellion Developments,550000,7.7,6.9,2017
Sniper Elite 4,XOne,Rebellion Developments,Rebellion Developments,,8.1,7.4,2017
PaRappa the Rapper Remastered,PS4,Sony Interactive Entertainment,SIE Japan Studio,20000,6.1,5.3,2017
Knack 2,PS4,Sony Interactive Entertainment,SIE Japan Studio,470000,6.7,7.6,2017
Gravity Rush 2,PS4,Sony Interactive Entertainment,SIE Japan Studio,350000,8,8.1,2017
MLB The Show 17,PS4,Sony Interactive Entertainment,SIE San Diego Studio,1160000,8.5,6.9,2017
Yakuza Kiwami,PS4,Sega,Sega,450000,8,8.1,2017
Call of Duty: WWII,XOne,Activision,Sledgehammer Games,,8,4,2017
Call of Duty: WWII,PS4,Activision,Sledgehammer Games,13400000,8,4.3,2017
Project CARS 2,XOne,Namco Bandai Games,Slightly Mad Studios,,8.4,5.6,2017
Project CARS 2,PS4,Namco Bandai Games,Slightly Mad Studios,550000,8.2,6.1,2017
Puyo Puyo Tetris,PS4,Sega,Sonic Team,100000,8.3,7.4,2017
Sonic Forces,PS4,Sega,Sonic Team,560000,5.7,6.9,2017
Sonic Forces,XOne,Sega,Sonic Team,,6.2,7.2,2017
Danganronpa Another Episode: Ultra Despair Girls,PS4,NIS America,Spike Chunsoft,40000,6.7,7,2017
Danganronpa 1-2 Reload,PS4,NIS America,Spike Chunsoft,120000,8.3,8.1,2017
Danganronpa V3: Killing Harmony,PS4,NIS America,Spike Chunsoft,250000,8.1,7.9,2017
Troll and I,PS4,Maximum Games,Spiral House,30000,3.9,4.6,2017
Final Fantasy XIV: Stormblood,PS4,Square Enix,Square Enix,170000,8.9,8.6,2017
Final Fantasy XII: The Zodiac Age,PS4,Square Enix,Square Enix,1100000,8.6,8.4,2017
Carmageddon: Max Damage,XOne,Stainless Games,Stainless Games,20000,5.2,7.2,2017
ARK: Survival Evolved,PS4,Studio Wildcard,Studio Wildcard,810000,6.9,4.4,2017
Cuphead,XOne,StudioMDHR,StudioMDHR,,8.6,8.5,2017
Hidden Agenda,PS4,Sony Interactive Entertainment,Supermassive Games Ltd.,590000,6.6,6.6,2017
LEGO City Undercover,XOne,Warner Bros. Interactive Entertainment,TT Fusion,,7.7,6.8,2017
LEGO City Undercover,PS4,Warner Bros. Interactive Entertainment,TT Fusion,750000,8,7.4,2017
The Evil Within 2,PS4,Bethesda Softworks,Tango Gameworks,1050000,7.6,8.5,2017
The Evil Within 2,XOne,Bethesda Softworks,Tango Gameworks,,8.2,9.1,2017
Little Nightmares,PS4,Namco Bandai Games,Tarsier Studios,390000,7.8,7.9,2017
Little Nightmares,XOne,Namco Bandai Games,Tarsier Studios,,8.3,7.7,2017
Road Rage,PS4,Maximum Games,Team 6 Games Studio,30000,2.6,2.3,2017
L.A. Noire,PS4,Rockstar Games,Team Bondi,600000,7.6,7.9,2017
L.A. Noire,XOne,Rockstar Games,Team Bondi,,7.7,7.8,2017
Nioh,PS4,Sony Interactive Entertainment,Team Ninja,1030000,8.8,8.5,2017
The Escapists 2,XOne,Sold Out,Team17 Software,,7.7,5.8,2017
The Escapists 2,PS4,Sold Out,Team17 Software,240000,7.6,7,2017
The Sexy Brutale,PS4,Badland Games,Tequila Works,80000,7.7,7.6,2017
RiME,PS4,Grey Box,Tequila Works,110000,7.1,7.7,2017
Rogue Trooper Redux,XOne,Rebellion,TickTock Games,,6.1,7.5,2017
Rogue Trooper Redux,PS4,Rebellion,TickTock Games,20000,5.9,6.5,2017
Undertale,PS4,Toby Fox,Toby Fox,10000,9.2,6.6,2017
LEGO Worlds,PS4,Warner Bros. Interactive Entertainment,Traveller's Tales,1140000,6.6,6.6,2017
LEGO Worlds,XOne,Warner Bros. Interactive Entertainment,Traveller's Tales,,6.9,6.4,2017
LEGO Marvel Super Heroes 2,PS4,Warner Bros. Interactive Entertainment,Traveller's Tales,1110000,7.3,7.1,2017
LEGO Marvel Super Heroes 2,XOne,Warner Bros. Interactive Entertainment,Traveller's Tales,,7.4,7.4,2017
AereA,PS4,Soedesco,Triangle Studios,30000,4.6,1.8,2017
Killing Floor 2,XOne,Tripwire Interactive,Tripwire Interactive,,7.9,6.5,2017
Forza Motorsport 7,XOne,Microsoft Studios,Turn 10 Studios,,8.9,5.9,2017
For Honor,XOne,Ubisoft,Ubisoft Montreal,,7.9,5.9,2017
For Honor,PS4,Ubisoft,Ubisoft Montreal,1750000,7.8,6.1,2017
Assassin's Creed Origins,PS4,Ubisoft,Ubisoft Montreal,4060000,8.1,7.2,2017
Assassin's Creed Origins,XOne,Ubisoft,Ubisoft Montreal,,8.5,7.5,2017
Just Dance 2018,PS4,Ubisoft,Ubisoft Paris,300000,7.5,5.9,2017
South Park: The Fractured But Whole,PS4,Ubisoft,Ubisoft San Francisco,1430000,7.9,7.7,2017
South Park: The Fractured But Whole,XOne,Ubisoft,Ubisoft San Francisco,,8.4,7.7,2017
Crash Bandicoot N. Sane Trilogy,PS4,Activision,Vicarious Visions,4830000,8,8.5,2017
NBA 2K18,PS4,2K Sports,Visual Concepts,3340000,8.1,1.7,2017
NBA 2K18,XOne,2K Sports,Visual Concepts,,7.7,1.5,2017
Agents of Mayhem,XOne,Deep Silver,Volition Inc.,,7.3,6.4,2017
Agents of Mayhem,PS4,Deep Silver,Volition Inc.,200000,6.2,6.6,2017
Tricky Towers,PS4,Soedesco,WeirdBeard,20000,7.2,7,2017
Starblood Arena,PS4,Sony Interactive Entertainment,WhiteMoon Dreams,50000,6.8,7.3,2017
Knowledge is Power,PS4,Sony Interactive Entertainment,Wish Studio,610000,7.1,7.5,2017
That's You!,PS4,Sony Interactive Entertainment,Wish Studio,40000,7,7.1,2017
WWE 2K18,XOne,2K Sports,Yuke's,,6.7,4.8,2017
WWE 2K18,PS4,2K Sports,Yuke's,1330000,6.6,5.6,2017
The Elder Scrolls Online: Morrowind,XOne,Bethesda Softworks,ZeniMax Online Studios,,7.6,5.6,2017
The Elder Scrolls Online: Morrowind,PS4,Bethesda Softworks,ZeniMax Online Studios,240000,7.5,6,2017
DOOM VFR,PS4,Bethesda Softworks,id Software,560000,7.1,8,2017
Rad Rodgers,PS4,THQ Nordic,3D Realms,20000,6.6,7,2018
Rad Rodgers,XOne,THQ Nordic,3D Realms,,6.7,7.8,2018
All-Star Fruit Racing,PS4,PQube,3DClouds.it,30000,6,3.6,2018
Punch Line,PS4,PQube,5pb. Inc.,40000,6.5,4.6,2018
Omen of Sorrow,PS4,Soedesco,AOne Games,40000,6.4,6.1,2018
428: Shibuya Scramble,PS4,Spike Chunsoft,Abstraction Games,20000,8.5,7.3,2018
BlazBlue: Cross Tag Battle,PS4,Arc System Works,Arc System Works,80000,7.6,6.5,2018
Dragon Ball FighterZ,XOne,Namco Bandai Games,Arc System Works,,8.6,7.9,2018
Dragon Ball FighterZ,PS4,Namco Bandai Games,Arc System Works,1460000,8.7,8.1,2018
Persona Dancing: Endless Night Collection,PS4,Atlus,Atlus,130000,7.5,6.9,2018
Persona 5: Dancing in Starlight,PS4,Atlus,Atlus,60000,7.2,7.8,2018
Persona 3: Dancing in Moonlight,PS4,Atlus,Atlus,40000,7.3,6,2018
Just Cause 4,PS4,Square Enix,Avalanche Studios,560000,6.5,5.2,2018
Just Cause 4,XOne,Square Enix,Avalanche Studios,,7,6.1,2018
New Gundam Breaker,PS4,Namco Bandai Games,Bandai Namco Games,130000,2.8,3,2018
Fallout 76,XOne,Bethesda Softworks,Bethesda Game Studios,,5.1,2.4,2018
Fallout 76,PS4,Bethesda Softworks,Bethesda Game Studios,1320000,5.1,2.5,2018
Dakar 18,XOne,Deep Silver,Bigmoon Entertainment,,5.4,7.1,2018
Dakar 18,PS4,Deep Silver,Bigmoon Entertainment,50000,5.3,5,2018
Shadow of the Colossus,PS4,Sony Interactive Entertainment,Bluepoint Games,1200000,9.3,7.8,2018
Tennis World Tour,PS4,Bigben Interactive,Breakpoint Studio,40000,4.5,2.8,2018
Tennis World Tour,XOne,Bigben Interactive,Breakpoint Studio,,4.2,1.9,2018
Destiny 2: Forsaken,PS4,Activision,Bungie,360000,8.2,6.2,2018
Destiny 2: Forsaken,XOne,Activision,Bungie,,8.6,5.4,2018
My Hero One's Justice,PS4,Bandai Namco Entertainment,Byking,300000,6.8,7.5,2018
GRIP: Combat Racing,PS4,U&I Entertainment,Caged Element,10000,7.1,6.1,2018
Monster Hunter: World,PS4,Capcom,Capcom,4670000,9.3,9,2018
Mega Man 11,XOne,Capcom,Capcom,,7.7,8.2,2018
Capcom Beat 'Em Up Bundle,PS4,Capcom,Capcom,10000,7.1,4.2,2018
Monster Hunter: World,XOne,Capcom,Capcom,,9.4,7.2,2018
Mega Man 11,PS4,Capcom,Capcom,170000,8.2,8,2018
Devil May Cry HD Collection,XOne,Capcom,Capcom,,7.1,6.9,2018
Devil May Cry HD Collection,PS4,Capcom,Capcom,210000,6,6,2018
Bridge Constructor Portal,XOne,Nighthawk Interactive,ClockStone,,7.8,5.4,2018
Bridge Constructor Portal,PS4,Nighthawk Interactive,ClockStoneSoftware,30000,7.8,3.7,2018
F1 2018,PS4,Codemasters,Codemasters Birmingham,530000,8.4,7.8,2018
F1 2018,XOne,Codemasters,Codemasters Birmingham,,8.4,8,2018
Megadimension Neptunia VIIR,PS4,Idea Factory International,Compile Heart,40000,7.1,6.6,2018
We Happy Few,XOne,Gearbox Software,Compulsion Games,,6.4,5.3,2018
We Happy Few,PS4,Gearbox Software,Compulsion Games,140000,6.7,4.6,2018
The Lost Child,PS4,NIS America,Crim,30000,6.1,5.1,2018
Call of Cthulhu,PS4,Focus Home Interactive,Cyanide,120000,6.3,7.2,2018
Call of Cthulhu,XOne,Focus Home Interactive,Cyanide,,6.6,5.9,2018
Tour de France 2018,PS4,Focus Home Interactive,Cyanide Studio,20000,5.7,5.4,2018
Zone of the Enders: The 2nd Runner MARS,PS4,Konami,Cygames,100000,7.1,7.7,2018
Owlboy,PS4,Soedesco,D-Pad Studios,50000,8.8,6.6,2018
Vampyr,XOne,Focus Home Interactive,DONTNOD Entertainment,,7,6.9,2018
Vampyr,PS4,Focus Home Interactive,DONTNOD Entertainment,370000,7,8.5,2018
Moonlighter,PS4,Merge Games,Digital Sun,10000,8.1,9,2018
Sword Art Online: Fatal Bullet,XOne,Namco Bandai Games,Dimps Corporation,,7.2,7.2,2018
Sword Art Online: Fatal Bullet,PS4,Namco Bandai Games,Dimps Corporation,290000,6.4,7.2,2018
Train Sim World,PS4,Maximum Games,Dovetail Games,90000,5.6,5.9,2018
NHL 19,XOne,EA Sports,EA Canada,,8.2,6.7,2018
NHL 19,PS4,EA Sports,EA Canada,430000,8,5.3,2018
Battlefield V,PS4,Electronic Arts,EA DICE,2220000,7.3,2.1,2018
Battlefield V,XOne,Electronic Arts,EA DICE,,7.8,2.6,2018
FIFA 19,XOne,Electronic Arts,EA Sports,,8.3,2,2018
FIFA 19,PS4,Electronic Arts,EA Sports,9150000,8.3,1.7,2018
Madden NFL 19,PS4,EA Sports,EA Tiburon,2210000,8,2.3,2018
NBA Live 19,PS4,Electronic Arts,EA Tiburon,190000,7.3,6.5,2018
NBA Live 19,XOne,Electronic Arts,EA Tiburon,,7.5,6.9,2018
Madden NFL 19,XOne,EA Sports,EA Tiburon,,8.1,3.3,2018
EA Sports UFC 3,PS4,EA Sports,EA Vancouver,970000,7.5,3.6,2018
EA Sports UFC 3,XOne,EA Sports,EA Vancouver,,7.7,5.5,2018
Shadow of the Tomb Raider,XOne,Square Enix,Eidos Montreal,,8.2,7.2,2018
Shadow of the Tomb Raider,PS4,Square Enix,Eidos Montreal,1740000,7.5,7.3,2018
Apex Construct,PS4,Perp Games,Fast Travel Games,50000,7.2,7,2018
The Persistence,PS4,Sony Interactive Entertainment,Firesprite,40000,7.8,8.1,2018
Jurassic World Evolution,XOne,Frontier Developments,Frontier Developments,,7.6,6.2,2018
Jurassic World Evolution,PS4,Frontier Developments,Frontier Developments,470000,6.8,7,2018
Conan Exiles,PS4,Maximum Games,Funcom Oslo A/S,210000,6.8,5.5,2018
Conan Exiles,XOne,Maximum Games,Funcom Oslo A/S,,6.4,5.7,2018
Monster Boy and the Cursed Kingdom,PS4,FDG Entertainment,Game Atelier,30000,8.7,7.8,2018
Railway Empire,XOne,Kalypso Media,Gaming Minds Studios,,7.7,8.3,2018
Borderlands 2 VR,PS4,2K Games,Gearbox Software,90000,7.2,7.6,2018
Overcooked! 2,PS4,Sold Out,Ghost Town Games,160000,8.1,7.2,2018
Overcooked! 2,XOne,Sold Out,Ghost Town Games,,8.3,6.2,2018
Farming Simulator 19,PS4,Focus Home Interactive,Giants Software,470000,6.4,4.5,2018
Mothergunship,XOne,Sold Out,Grip Games,,7.7,7.6,2018
Mothergunship,PS4,Sold Out,Grip Games,10000,7.8,5.3,2018
Darksiders III,XOne,THQ Nordic,Gunfire Games,,6.9,7.3,2018
Darksiders III,PS4,THQ Nordic,Gunfire Games,250000,6.3,7.5,2018
Atelier Lydie & Suelle: The Alchemists and the Mysterious Paintings,PS4,Tecmo Koei,Gust,60000,7.4,7,2018
Surviving Mars,XOne,Maximum Games,Haemimont Games,,7.6,6.5,2018
Surviving Mars,PS4,Maximum Games,Haemimont Games,40000,7.3,5.9,2018
A Way Out,PS4,Electronic Arts,Hazelight,480000,7.5,8,2018
A Way Out,XOne,Electronic Arts,Hazelight,,8.1,7.5,2018
No Man's Sky,XOne,505 Games,Hello Games,,7.7,7.7,2018
Super Bomberman R,XOne,Konami Digital Entertainment,HexaDrive,,6.3,6.7,2018
Super Bomberman R,PS4,Konami Digital Entertainment,HexaDrive,60000,6.7,5.4,2018
The Long Dark,PS4,Skybound Games,Hinterland Studio Inc.,50000,7.5,7.2,2018
The Long Dark,XOne,Skybound Games,Hinterland Studio Inc.,,7.5,7.9,2018
Earthfall,PS4,Gearbox Software,Holospark,40000,5.4,5.8,2018
Earthfall,XOne,Gearbox Software,Holospark,,5.6,5.5,2018
Gungrave VR,PS4,Xseed Games,IGGYMOB,10000,4.1,3.4,2018
Hitman 2,XOne,Warner Bros. Interactive Entertainment,IO Interactive,,8.4,7,2018
Hitman 2,PS4,Warner Bros. Interactive Entertainment,IO Interactive,510000,8.2,8.6,2018
Pure Farming 2018,XOne,Techland,Ice Flames,,7.3,7,2018
Pure Farming 2018,PS4,Techland,Ice Flames,40000,7,6.6,2018
Black Clover: Quartet Knights,PS4,Bandai Namco Entertainment,Ilinx,40000,5.3,5.2,2018
Marvel's Spider-Man,PS4,Sony Interactive Entertainment,Insomniac Games,8760000,9.1,8.7,2018
Extinction,XOne,Maximum Games,Iron Galaxy,,5.2,1.1,2018
Extinction,PS4,Maximum Games,Iron Galaxy,60000,4.7,1.5,2018
Titan Quest,PS4,THQ Nordic,Iron Lore Entertainment,20000,5.5,5.6,2018
The Crew 2,XOne,Ubisoft,Ivory Tower,,6.9,5,2018
The Crew 2,PS4,Ubisoft,Ivory Tower,820000,6.5,5,2018
The Raven Remastered,PS4,THQ Nordic,KING Art Games,30000,7.2,8.4,2018
Metal Max Xeno,PS4,NIS America,Kadokawa Games,50000,6.1,5.4,2018
Nobunaga's Ambition: Taishi,PS4,Koei Tecmo,Koei Tecmo Games,60000,7,5.3,2018
Pro Evolution Soccer 2019,XOne,Konami,Konami,,8.2,6.8,2018
Pro Evolution Soccer 2019,PS4,Konami,Konami,500000,7.9,6.6,2018
Metal Gear Survive,XOne,Konami Digital Entertainment,Konami Digital Entertainment,,6.2,2,2018
Metal Gear Survive,PS4,Konami Digital Entertainment,Konami Digital Entertainment,230000,6,1.4,2018
V-Rally 4,XOne,Bigben Interactive,Kylotonn,,6.7,8,2018
V-Rally 4,PS4,Bigben Interactive,Kylotonn,10000,5.8,5.3,2018
Armello,PS4,League of Geeks,League of Geeks,20000,7.4,7.1,2018
Ni no Kuni II: Revenant Kingdom,PS4,Namco Bandai Games,Level 5,890000,8.7,7.4,2018
Tempest 4000,PS4,Atari,Llamasoft,10000,7.5,4.8,2018
Tempest 4000,XOne,Atari,Llamasoft,,7.5,6.8,2018
Agony,XOne,Maximum Games,Madmind Studio,,3.4,4.5,2018
Agony,PS4,Maximum Games,Madmind Studio,30000,5,4.9,2018
Shining Resonance Refrain,PS4,Sega,Media.Vision,80000,6.7,6.8,2018
Gravel,XOne,Milestone S.r.l.,Milestone S.r.l,,6.7,7,2018
Gravel,PS4,Milestone S.r.l.,Milestone S.r.l.,80000,6.7,6.6,2018
MXGP Pro,XOne,Milestone S.r.l.,Milestone S.r.l.,,7.5,6.9,2018
Tetris Effect,PS4,Sony Interactive Entertainment,Monstars Inc.,250000,8.9,7.7,2018
NASCAR Heat 3,PS4,704Games,Monster Games,130000,6.4,5.4,2018
NASCAR Heat 3,XOne,704Games,Monster Games,,6.8,8.3,2018
Dead Cells,PS4,Merge Games,Motion Twin,50000,8.7,7.5,2018
The Seven Deadly Sins: Knights of Britannia,PS4,Bandai Namco Entertainment,Natsume Atari,100000,5.5,5.9,2018
"Warhammer 40,000: Inquisitor - Martyr",XOne,Neocore Games,Neocore Games,,7.1,3.9,2018
"Warhammer 40,000: Inquisitor - Martyr",PS4,Neocore Games,Neocore Games,20000,6.4,6.2,2018
Hellblade: Senua's Sacrifice,PS4,505 Games,Ninja Theory,50000,8.3,8.1,2018
Hellblade: Senua's Sacrifice,XOne,Microsoft Studios,Ninja Theory,,8.8,7.3,2018
Disgaea 1 Complete,PS4,NIS America,Nippon Ichi Software,70000,8.3,7.6,2018
The Witch and the Hundred Knight 2,PS4,NIS America,Nippon Ichi Software,70000,6.1,6.8,2018
Labyrinth of Refrain: Coven of Dusk,PS4,NIS America,Nippon Ichi Software,30000,7.5,6.7,2018
Attack on Titan 2,PS4,Koei Tecmo,Omega Force,220000,7.8,7,2018
Attack on Titan 2,XOne,Koei Tecmo,Omega Force,,7,7,2018
Dynasty Warriors 9,PS4,Tecmo Koei,Omega Force,370000,6.5,4,2018
Dynasty Warriors 9,XOne,Tecmo Koei,Omega Force,,5.6,4.1,2018
Warriors Orochi 4,PS4,Koei Tecmo,Omega Force,220000,7.2,7.2,2018
Warriors Orochi 4,XOne,Koei Tecmo,Omega Force,,6.8,7.3,2018
Adventure Time: Pirates of the Enchiridion,PS4,Outright Games,Outright Games,20000,6.2,5.2,2018
PlayerUnknown's Battlegrounds,PS4,Sony Interactive Entertainment,PUBG Corporation,330000,7.2,3.3,2018
Past Cure,PS4,Phantom 8 Studio,Phantom 8 Studio,30000,3.7,5,2018
Past Cure,XOne,Phantom 8 Studio,Phantom 8 Studio,,3.4,6.9,2018
Forza Horizon 4,XOne,Microsoft Studios,Playground Games,,9.2,7.9,2018
Yooka-Laylee,PS4,Team17 Software,Playtonic Games,290000,6.8,6.2,2018
SoulCalibur VI,XOne,Bandai Namco Games,Project Soul,,8.4,4.7,2018
SoulCalibur VI,PS4,Bandai Namco Games,Project Soul,710000,8.4,6.3,2018
Detroit: Become Human,PS4,Sony Interactive Entertainment,Quantic Dream,1570000,8,8.6,2018
Sea of Thieves,XOne,Microsoft Studios,Rare Ltd.,,6.9,7,2018
Strange Brigade,PS4,Rebellion Developments,Rebellion Developments,90000,7.3,5.5,2018
Strange Brigade,XOne,Rebellion Developments,Rebellion Developments,,7.5,5.9,2018
Darkest Dungeon,PS4,Red Hook Studios,Red Hook Studios,40000,8.3,7.6,2018
Red Dead Redemption 2,PS4,Rockstar Games,Rockstar Games,13940000,9.8,7.9,2018
Red Dead Redemption 2,XOne,Rockstar Games,Rockstar Games,,9.7,7.4,2018
MLB The Show 18,PS4,Sony Interactive Entertainment,SIE San Diego Studio,1060000,8.2,6.3,2018
God of War (2018),PS4,Sony Interactive Entertainment,SIE Santa Monica Studio,6150000,9.7,10,2018
NBA 2K Playgrounds 2,PS4,2K Games,Saber Interactive,80000,7.3,5.9,2018
NBA 2K Playgrounds 2,XOne,2K Games,Saber Interactive,,6.2,6.3,2018
Earth Defense Force 5,PS4,D3 Publisher,Sandlot,240000,7.2,6.5,2018
Sega Genesis Classics,XOne,Sega,Sega,,7.3,7.3,2018
Valkyria Chronicles 4,PS4,Sega,Sega,250000,8.4,7.9,2018
Yakuza 6: The Song of Life,PS4,Sega,Sega,690000,8.3,8.2,2018
Shenmue I & II,PS4,Sega,Sega,270000,7.5,7.9,2018
Shenmue I & II,XOne,Sega,Sega,,7.4,8.2,2018
Sega Genesis Classics,PS4,Sega,Sega,350000,7.5,7.2,2018
ARK Park,PS4,Snail Games USA,Snail Games USA,50000,4.6,4.5,2018
Naruto to Boruto: Shinobi Striker,PS4,Bandai Namco Games,Soleil Software Studio Inc.,290000,8.5,5.6,2018
Naruto to Boruto: Shinobi Striker,XOne,Bandai Namco Games,Soleil Software Studio Inc.,,6,5.8,2018
Nickelodeon Kart Racers,XOne,GameMill Entertainment,Solutions 2 Go,,4.9,6.3,2018
Nickelodeon Kart Racers,PS4,GameMill Entertainment,Solutions 2 Go,,4.2,4.6,2018
Fire Pro Wrestling World,PS4,Spike Chunsoft,Spike Chunsoft,120000,7.9,7.1,2018
Secret of Mana,PS4,Square Enix,Square,280000,6.3,6,2018
World of Final Fantasy Maxima,XOne,Square Enix,Square Enix,,8.1,8.1,2018
Dragon Quest XI: Echoes of an Elusive Age,PS4,Square Enix,Square Enix,2040000,9.5,8.7,2018
Burnout Paradise Remastered,XOne,Electronic Arts,Stellar Entertainment,,8,6.7,2018
Burnout Paradise Remastered,PS4,Electronic Arts,Stellar Entertainment,370000,8,6.5,2018
Trailblazers,PS4,Rising Star Games,Supergonk,20000,6.3,6,2018
The Inpatient,PS4,Sony Interactive Entertainment,Supermassive Games Ltd.,130000,5.9,6.1,2018
Bravo Team,PS4,Sony Interactive Entertainment,Supermassive Games Ltd.,270000,4.5,4.4,2018
Creed: Rise to Glory,PS4,Sony Interactive Entertainment,Survios,190000,7.5,6.8,2018
Titan Quest,XOne,THQ Nordic,THQ Nordic,,6.6,6.9,2018
Override: Mech City Brawl,XOne,Modus Games,The Balance Inc,,6.4,6.5,2018
Bendy and the Ink Machine,PS4,Rooster Teeth Games,TheMeatly Games,180000,7.1,5.7,2018
Bendy and the Ink Machine,XOne,Rooster Teeth Games,TheMeatly Games,,7,8.2,2018
Lost Sphear,PS4,Square Enix,Tokyo RPG Factory,20000,6,6.9,2018
Spyro Reignited Trilogy,XOne,Activision,Toys for Bob,,8.3,6.8,2018
Spyro Reignited Trilogy,PS4,Activision,Toys for Bob,2170000,8.2,8.1,2018
LEGO DC Super-Villains,XOne,Warner Bros. Interactive Entertainment,Traveller's Tales,,7.2,7,2018
LEGO DC Super-Villains,PS4,Warner Bros. Interactive Entertainment,Traveller's Tales,460000,7.4,6.5,2018
LEGO The Incredibles,PS4,Warner Bros. Interactive Entertainment,Traveller's Tales,530000,6.5,4.6,2018
LEGO The Incredibles,XOne,Warner Bros. Interactive Entertainment,Traveller's Tales,,7.4,6.9,2018
Call of Duty: Black Ops IIII,PS4,Activision,Treyarch,9320000,8.3,4,2018
Assassin's Creed Rogue Remastered,XOne,Ubisoft,Ubisoft,,6,6.8,2018
Assassin's Creed Rogue Remastered,PS4,Ubisoft,Ubisoft,150000,7.1,6,2018
Far Cry 5,PS4,Ubisoft,Ubisoft,3950000,7.9,6.8,2018
Far Cry 5,XOne,Ubisoft,Ubisoft Montreal,,7.2,6.7,2018
Just Dance 2019,XOne,Ubisoft,Ubisoft Paris,,7.7,4.7,2018
Assassin's Creed Odyssey,PS4,Ubisoft,Ubisoft Quebec,3180000,9.5,5.9,2018
Assassin's Creed Odyssey,XOne,Ubisoft,Ubisoft Quebec,,8.7,5.6,2018
Starlink: Battle for Atlas,PS4,Ubisoft,Ubisoft Toronto,100000,7,5.4,2018
Starlink: Battle for Atlas,XOne,Ubisoft,Ubisoft Toronto,,7.8,6.7,2018
State of Decay 2,XOne,Microsoft Studios,Undead Labs,,7,5.4,2018
Subnautica,PS4,Gearbox Software,Unknown Worlds Entertainment,120000,8,7.6,2018
Subnautica,XOne,Gearbox Software,Unknown Worlds Entertainment,,8.1,8.3,2018
Dragon's Crown Pro,PS4,Atlus,Vanillaware,190000,8,7.8,2018
Dragon's Crown Pro,PS4,Atlus,Vanillaware,190000,8,7.8,2018
Crash Bandicoot N. Sane Trilogy,XOne,Activision,Vicarious Visions,,7.9,6.9,2018
Yoku's Island Express,PS4,Villa Gorilla,Villa Gorilla,10000,9,7.1,2018
Yoku's Island Express,XOne,Villa Gorilla,Villa Gorilla,,9,7.8,2018
NBA 2K19,PS4,2K Sports,Visual Concepts,2630000,8.2,2.6,2018
NBA 2K19,XOne,2K Sports,Visual Concepts,,8.3,2.8,2018
WWE 2K19,PS4,2K Sports,Visual Concepts,980000,7.7,5.6,2018
WWE 2K19,XOne,2K Sports,Visual Concepts,,7.7,4.6,2018
Red Faction: Guerrilla Re-Mars-tered,XOne,THQ Nordic,Volition,,7.3,4.4,2018
Red Faction: Guerrilla Re-Mars-tered,PS4,THQ Nordic,Volition,90000,7,5,2018
Don't Knock Twice,PS4,Perpetual,Wales Interactive Ltd.,30000,5.6,5.6,2018
Kingdom Come: Deliverance,XOne,Deep Silver,Warhorse Studios,,6.8,7.5,2018
Kingdom Come: Deliverance,PS4,Deep Silver,Warhorse Studios,560000,6.9,7.2,2018
The Elder Scrolls Online: Summerset,PS4,Bethesda Softworks,ZeniMax Online Studios,100000,7.5,5.4,2018
Steins;Gate Elite,PS4,Spike Chunsoft,5pb. Inc.,30000,8.6,7.3,2019
God Eater 3,PS4,Bandai Namco Entertainment,Bandai Namco Studios,190000,7.1,7.2,2019
Onimusha: Warlords,PS4,Capcom,Capcom,30000,7.4,5.6,2019
Death end re;Quest,PS4,Idea Factory,Compile Heart,30000,7.4,7.4,2019
FIFA 20,PS4,Electronic Arts,EA Sports,,7.9,1.1,2019
Madden NFL 20,PS4,EA Sports,EA Tiburon,,7.6,1.5,2019
Senran Kagura Burst Re:Newal,PS4,Xseed Games,HONEY PARADE GAMES,40000,6.5,4.1,2019
The Caligula Effect: Overdose,PS4,NIS America,Historia,40000,6.5,5.6,2019
Call of Duty: Modern Warfare,PS4,Activision,Infinity Ward,0,8,3.3,2019
Fate/Extella Link,PS4,Xseed Games,Marvelous,120000,7.7,7.2,2019
The Liar Princess and the Blind Prince,PS4,NIS America,Nippon Ichi Software,20000,6.9,6.4,2019
Broken Sword 5: The Serpent's Curse,PS4,Unbalance,Revolution Software,70000,7.2,7.3,2019
NBA 2K20,PS4,2K Sports,Visual Concepts,,7.8,1.2,2019
Mortal Kombat 11,PS4,NetherRealm Studios,Warner Bros. Interactive Entertainment,,8.2,3.6,2019
Persona 5 Royal,PS4,Atlus,Atlus,0,9.5,8.2,2020
Final Fantasy VII Remake,PS4,Square Enix,Square Enix,0,8.7,8.1,2020
Nioh 2,PS4,Sony Interactive Entertainment,Team Ninja,0,8.5,7.8,2020
The Last of Us: Part II,PS4,Sony Interactive Entertainment,Naughty Dog,10300000,93,5.7,2020
Cuphead,XOne,Studio MDHR,Studio MDHR,3000000,,,2017
