Rank,Name,Platform,Publisher,Developer,Critic_Score,User_Score,Total_Shipped,Year
394,The Last of Us: Part II,PS4,Sony Interactive Entertainment,Naughty Dog,9.4,5.6,4,2020
470,Final Fantasy VII Remake,PS4,Square Enix,Square Enix,8.7,8.1,3.5,2020
1655,Persona 5 Royal,PS4,Atlus,Atlus,9.5,8.2,1.4,2020
2457,Nioh 2,PS4,Sony Interactive Entertainment,Team Ninja,8.5,7.8,1,2020
12,Call of Duty: Modern Warfare,PS4,Activision,Infinity Ward,8,3.3,30.13,2019
136,NBA 2K20,PS4,2K Sports,Visual Concepts,7.8,1.2,8,2019
158,FIFA 20,PS4,Electronic Arts,EA Sports,7.9,1.1,7.15,2019
343,Mortal Kombat 11,PS4,NetherRealm Studios,Warner Bros. Interactive Entertainment,8.2,3.6,4.2,2019
423,Madden NFL 20,PS4,EA Sports,EA Tiburon,7.6,1.5,3.78,2019
8955,God Eater 3,PS4,Bandai Namco Entertainment,Bandai Namco Studios,7.1,7.2,0.19,2019
11161,Fate/Extella Link,PS4,Xseed Games,Marvelous,7.7,7.2,0.12,2019
13764,Broken Sword 5: The Serpent's Curse,PS4,Unbalance,Revolution Software,7.2,7.3,0.07,2019
15521,Senran Kagura Burst Re:Newal,PS4,Xseed Games,HONEY PARADE GAMES,6.5,4.1,0.04,2019
15804,The Caligula Effect: Overdose,PS4,NIS America,Historia,6.5,5.6,0.04,2019
16694,Death end re;Quest,PS4,Idea Factory,Compile Heart,7.4,7.4,0.03,2019
16822,Onimusha: Warlords,PS4,Capcom,Capcom,7.4,5.6,0.03,2019
16917,Steins;Gate Elite,PS4,Spike Chunsoft,5pb. Inc.,8.6,7.3,0.03,2019
17420,The Liar Princess and the Blind Prince,PS4,NIS America,Nippon Ichi Software,6.9,6.4,0.02,2019
54,Red Dead Redemption 2,PS4,Rockstar Games,Rockstar Games,9.8,7.9,13.94,2018
63,Marvel's Spider-Man,PS4,Sony Interactive Entertainment,Insomniac Games,9.1,8.7,13.2,2018
88,God of War (2018),PS4,Sony Interactive Entertainment,SIE Santa Monica Studio,9.7,10,11,2018
112,Call of Duty: Black Ops IIII,PS4,Activision,Treyarch,8.3,4,9.32,2018
117,FIFA 19,PS4,Electronic Arts,EA Sports,8.3,1.7,9.15,2018
208,Red Dead Redemption 2,XOne,Rockstar Games,Rockstar Games,9.7,7.4,5.77,2018
392,Monster Hunter: World,PS4,Capcom,Capcom,9.3,9,4,2018
402,Far Cry 5,PS4,Ubisoft,Ubisoft,7.9,6.8,3.95,2018
531,Detroit: Become Human,PS4,Sony Interactive Entertainment,Quantic Dream,8,8.6,3.2,2018
540,Assassin's Creed Odyssey,PS4,Ubisoft,Ubisoft Quebec,9.5,5.9,3.18,2018
720,NBA 2K19,PS4,2K Sports,Visual Concepts,8.2,2.6,2.63,2018
905,Battlefield V,PS4,Electronic Arts,EA DICE,7.3,2.1,2.22,2018
907,FIFA 19,XOne,Electronic Arts,EA Sports,8.3,2,2.22,2018
912,Madden NFL 19,PS4,EA Sports,EA Tiburon,8,2.3,2.21,2018
938,Spyro Reignited Trilogy,PS4,Activision,Toys for Bob,8.2,8.1,2.17,2018
1024,Dragon Quest XI: Echoes of an Elusive Age,PS4,Square Enix,Square Enix,9.5,8.7,2.04,2018
1040,Dragon Ball FighterZ,PS4,Namco Bandai Games,Arc System Works,8.7,8.1,2.01,2018
1162,Forza Horizon 4,XOne,Microsoft Studios,Playground Games,9.2,7.9,1.84,2018
1208,Far Cry 5,XOne,Ubisoft,Ubisoft Montreal,7.2,6.7,1.78,2018
1246,NBA 2K19,XOne,2K Sports,Visual Concepts,8.3,2.8,1.74,2018
1249,Shadow of the Tomb Raider,PS4,Square Enix,Eidos Montreal,7.5,7.3,1.74,2018
1449,Battlefield V,XOne,Electronic Arts,EA DICE,7.8,2.6,1.55,2018
1499,Madden NFL 19,XOne,EA Sports,EA Tiburon,8.1,3.3,1.51,2018
1672,Assassin's Creed Odyssey,XOne,Ubisoft,Ubisoft Quebec,8.7,5.6,1.39,2018
1770,Fallout 76,PS4,Bethesda Softworks,Bethesda Game Studios,5.1,2.5,1.32,2018
1990,Shadow of the Colossus,PS4,Sony Interactive Entertainment,Bluepoint Games,9.3,7.8,1.2,2018
2283,MLB The Show 18,PS4,Sony Interactive Entertainment,SIE San Diego Studio,8.2,6.3,1.06,2018
2510,WWE 2K19,PS4,2K Sports,Visual Concepts,7.7,5.6,0.98,2018
2535,EA Sports UFC 3,PS4,EA Sports,EA Vancouver,7.5,3.6,0.97,2018
2555,Sea of Thieves,XOne,Microsoft Studios,Rare Ltd.,6.9,7,0.96,2018
2636,Fallout 76,XOne,Bethesda Softworks,Bethesda Game Studios,5.1,2.4,0.93,2018
2651,Monster Hunter: World,XOne,Capcom,Capcom,9.4,7.2,0.93,2018
2744,Ni no Kuni II: Revenant Kingdom,PS4,Namco Bandai Games,Level 5,8.7,7.4,0.89,2018
2960,The Crew 2,PS4,Ubisoft,Ivory Tower,6.5,5,0.82,2018
3069,Shadow of the Tomb Raider,XOne,Square Enix,Eidos Montreal,8.2,7.2,0.78,2018
3343,SoulCalibur VI,PS4,Bandai Namco Games,Project Soul,8.4,6.3,0.71,2018
3597,Spyro Reignited Trilogy,XOne,Activision,Toys for Bob,8.3,6.8,0.65,2018
3615,Crash Bandicoot N. Sane Trilogy,XOne,Activision,Vicarious Visions,7.9,6.9,0.65,2018
4173,Just Cause 4,PS4,Square Enix,Avalanche Studios,6.5,5.2,0.56,2018
4188,Kingdom Come: Deliverance,PS4,Deep Silver,Warhorse Studios,6.9,7.2,0.56,2018
4338,LEGO The Incredibles,PS4,Warner Bros. Interactive Entertainment,Traveller's Tales,6.5,4.6,0.53,2018
4387,F1 2018,PS4,Codemasters,Codemasters Birmingham,8.4,7.8,0.53,2018
4417,Dragon Ball FighterZ,XOne,Namco Bandai Games,Arc System Works,8.6,7.9,0.52,2018
4477,Hitman 2,PS4,Warner Bros. Interactive Entertainment,IO Interactive,8.2,8.6,0.51,2018
4582,Yakuza 6: The Song of Life,PS4,Sega,Sega,8.3,8.2,0.5,2018
4609,Pro Evolution Soccer 2019,PS4,Konami,Konami,7.9,6.6,0.5,2018
4717,WWE 2K19,XOne,2K Sports,Visual Concepts,7.7,4.6,0.48,2018
4733,A Way Out,PS4,Electronic Arts,Hazelight,7.5,8,0.48,2018
4790,Jurassic World Evolution,PS4,Frontier Developments,Frontier Developments,6.8,7,0.47,2018
4858,Farming Simulator 19,PS4,Focus Home Interactive,Giants Software,6.4,4.5,0.47,2018
4907,State of Decay 2,XOne,Microsoft Studios,Undead Labs,7,5.4,0.46,2018
4910,LEGO DC Super-Villains,PS4,Warner Bros. Interactive Entertainment,Traveller's Tales,7.4,6.5,0.46,2018
5093,EA Sports UFC 3,XOne,EA Sports,EA Vancouver,7.7,5.5,0.44,2018
5214,NHL 19,PS4,EA Sports,EA Canada,8,5.3,0.43,2018
5811,Burnout Paradise Remastered,PS4,Electronic Arts,Stellar Entertainment,8,6.5,0.37,2018
5815,Dynasty Warriors 9,PS4,Tecmo Koei,Omega Force,6.5,4,0.37,2018
5831,Vampyr,PS4,Focus Home Interactive,DONTNOD Entertainment,7,8.5,0.37,2018
5877,Destiny 2: Forsaken,PS4,Activision,Bungie,8.2,6.2,0.36,2018
6029,Sega Genesis Classics,PS4,Sega,Sega,7.5,7.2,0.35,2018
6246,The Crew 2,XOne,Ubisoft,Ivory Tower,6.9,5,0.33,2018
6276,PlayerUnknown's Battlegrounds,PS4,Sony Interactive Entertainment,PUBG Corporation,7.2,3.3,0.33,2018
6372,LEGO The Incredibles,XOne,Warner Bros. Interactive Entertainment,Traveller's Tales,7.4,6.9,0.32,2018
6661,My Hero One's Justice,PS4,Bandai Namco Entertainment,Byking,6.8,7.5,0.3,2018
6680,SoulCalibur VI,XOne,Bandai Namco Games,Project Soul,8.4,4.7,0.3,2018
6699,LEGO DC Super-Villains,XOne,Warner Bros. Interactive Entertainment,Traveller's Tales,7.2,7,0.3,2018
6753,Sword Art Online: Fatal Bullet,PS4,Namco Bandai Games,Dimps Corporation,6.4,7.2,0.29,2018
6762,Naruto to Boruto: Shinobi Striker,PS4,Bandai Namco Games,Soleil Software Studio Inc.,8.5,5.6,0.29,2018
6774,Yooka-Laylee,PS4,Team17 Software,Playtonic Games,6.8,6.2,0.29,2018
6809,NHL 19,XOne,EA Sports,EA Canada,8.2,6.7,0.29,2018
6900,Just Cause 4,XOne,Square Enix,Avalanche Studios,7,6.1,0.29,2018
7053,Secret of Mana,PS4,Square Enix,Square,6.3,6,0.28,2018
7131,Bravo Team,PS4,Sony Interactive Entertainment,Supermassive Games Ltd.,4.5,4.4,0.27,2018
7199,Shenmue I & II,PS4,Sega,Sega,7.5,7.9,0.27,2018
7405,Jurassic World Evolution,XOne,Frontier Developments,Frontier Developments,7.6,6.2,0.26,2018
7495,Tetris Effect,PS4,Sony Interactive Entertainment,Monstars Inc.,8.9,7.7,0.25,2018
7620,Darksiders III,PS4,THQ Nordic,Gunfire Games,6.3,7.5,0.25,2018
7679,Valkyria Chronicles 4,PS4,Sega,Sega,8.4,7.9,0.25,2018
7804,Earth Defense Force 5,PS4,D3 Publisher,Sandlot,7.2,6.5,0.24,2018
7844,A Way Out,XOne,Electronic Arts,Hazelight,8.1,7.5,0.24,2018
8076,No Man's Sky,XOne,505 Games,Hello Games,7.7,7.7,0.23,2018
8081,Metal Gear Survive,PS4,Konami Digital Entertainment,Konami Digital Entertainment,6,1.4,0.23,2018
8139,Attack on Titan 2,PS4,Koei Tecmo,Omega Force,7.8,7,0.22,2018
8197,Kingdom Come: Deliverance,XOne,Deep Silver,Warhorse Studios,6.8,7.5,0.22,2018
8229,Hitman 2,XOne,Warner Bros. Interactive Entertainment,IO Interactive,8.4,7,0.22,2018
8250,Warriors Orochi 4,PS4,Koei Tecmo,Omega Force,7.2,7.2,0.22,2018
8426,Conan Exiles,PS4,Maximum Games,Funcom Oslo A/S,6.8,5.5,0.21,2018
8451,Devil May Cry HD Collection,PS4,Capcom,Capcom,6,6,0.21,2018
8875,NBA Live 19,PS4,Electronic Arts,EA Tiburon,7.3,6.5,0.19,2018
8954,Creed: Rise to Glory,PS4,Sony Interactive Entertainment,Survios,7.5,6.8,0.19,2018
9030,Naruto to Boruto: Shinobi Striker,XOne,Bandai Namco Games,Soleil Software Studio Inc.,6,5.8,0.19,2018
9068,Bendy and the Ink Machine,PS4,Rooster Teeth Games,TheMeatly Games,7.1,5.7,0.18,2018
9354,Mega Man 11,PS4,Capcom,Capcom,8.2,8,0.17,2018
9522,F1 2018,XOne,Codemasters,Codemasters Birmingham,8.4,8,0.17,2018
9774,Bendy and the Ink Machine,XOne,Rooster Teeth Games,TheMeatly Games,7,8.2,0.16,2018
9793,Overcooked! 2,PS4,Sold Out,Ghost Town Games,8.1,7.2,0.16,2018
9876,Assassin's Creed Rogue Remastered,PS4,Ubisoft,Ubisoft,7.1,6,0.15,2018
9888,Just Dance 2019,XOne,Ubisoft,Ubisoft Paris,7.7,4.7,0.15,2018
10003,NBA Live 19,XOne,Electronic Arts,EA Tiburon,7.5,6.9,0.15,2018
10355,We Happy Few,PS4,Gearbox Software,Compulsion Games,6.7,4.6,0.14,2018
10627,New Gundam Breaker,PS4,Namco Bandai Games,Bandai Namco Games,2.8,3,0.13,2018
10702,Destiny 2: Forsaken,XOne,Activision,Bungie,8.6,5.4,0.13,2018
10855,Persona Dancing: Endless Night Collection,PS4,Atlus,Atlus,7.5,6.9,0.13,2018
10864,NASCAR Heat 3,PS4,704Games,Monster Games,6.4,5.4,0.13,2018
10990,The Inpatient,PS4,Sony Interactive Entertainment,Supermassive Games Ltd.,5.9,6.1,0.13,2018
11031,Dragon's Crown Pro,PS4,Atlus,Vanillaware,8,7.8,0.12,2018
11152,Darksiders III,XOne,THQ Nordic,Gunfire Games,6.9,7.3,0.12,2018
11159,Fire Pro Wrestling World,PS4,Spike Chunsoft,Spike Chunsoft,7.9,7.1,0.12,2018
11164,Vampyr,XOne,Focus Home Interactive,DONTNOD Entertainment,7,6.9,0.12,2018
11267,Call of Cthulhu,PS4,Focus Home Interactive,Cyanide,6.3,7.2,0.12,2018
11319,Subnautica,PS4,Gearbox Software,Unknown Worlds Entertainment,8,7.6,0.12,2018
11797,Burnout Paradise Remastered,XOne,Electronic Arts,Stellar Entertainment,8,6.7,0.11,2018
12038,The Seven Deadly Sins: Knights of Britannia,PS4,Bandai Namco Entertainment,Natsume Atari,5.5,5.9,0.1,2018
12108,The Elder Scrolls Online: Summerset,PS4,Bethesda Softworks,ZeniMax Online Studios,7.5,5.4,0.1,2018
12121,NASCAR Heat 3,XOne,704Games,Monster Games,6.8,8.3,0.1,2018
12122,Starlink: Battle for Atlas,PS4,Ubisoft,Ubisoft Toronto,7,5.4,0.1,2018
12132,Zone of the Enders: The 2nd Runner MARS,PS4,Konami,Cygames,7.1,7.7,0.1,2018
12145,Starlink: Battle for Atlas,XOne,Ubisoft,Ubisoft Toronto,7.8,6.7,0.1,2018
12339,Sega Genesis Classics,XOne,Sega,Sega,7.3,7.3,0.1,2018
12383,Sword Art Online: Fatal Bullet,XOne,Namco Bandai Games,Dimps Corporation,7.2,7.2,0.1,2018
12452,Nickelodeon Kart Racers,XOne,GameMill Entertainment,Solutions 2 Go,4.9,6.3,0.09,2018
12463,We Happy Few,XOne,Gearbox Software,Compulsion Games,6.4,5.3,0.09,2018
12524,Red Faction: Guerrilla Re-Mars-tered,PS4,THQ Nordic,Volition,7,5,0.09,2018
12702,Borderlands 2 VR,PS4,2K Games,Gearbox Software,7.2,7.6,0.09,2018
12712,Train Sim World,PS4,Maximum Games,Dovetail Games,5.6,5.9,0.09,2018
12776,Strange Brigade,PS4,Rebellion Developments,Rebellion Developments,7.3,5.5,0.09,2018
12783,Attack on Titan 2,XOne,Koei Tecmo,Omega Force,7,7,0.09,2018
12798,Nickelodeon Kart Racers,PS4,GameMill Entertainment,Solutions 2 Go,4.2,4.6,0.09,2018
13111,Shining Resonance Refrain,PS4,Sega,Media.Vision,6.7,6.8,0.08,2018
13139,Dynasty Warriors 9,XOne,Tecmo Koei,Omega Force,5.6,4.1,0.08,2018
13192,Overcooked! 2,XOne,Sold Out,Ghost Town Games,8.3,6.2,0.08,2018
13228,Gravel,PS4,Milestone S.r.l.,Milestone S.r.l.,6.7,6.6,0.08,2018
13272,BlazBlue: Cross Tag Battle,PS4,Arc System Works,Arc System Works,7.6,6.5,0.08,2018
13366,NBA 2K Playgrounds 2,PS4,2K Games,Saber Interactive,7.3,5.9,0.08,2018
13394,Metal Gear Survive,XOne,Konami Digital Entertainment,Konami Digital Entertainment,6.2,2,0.08,2018
13451,The Witch and the Hundred Knight 2,PS4,NIS America,Nippon Ichi Software,6.1,6.8,0.07,2018
13704,Shenmue I & II,XOne,Sega,Sega,7.4,8.2,0.07,2018
13758,Subnautica,XOne,Gearbox Software,Unknown Worlds Entertainment,8.1,8.3,0.07,2018
13827,Disgaea 1 Complete,PS4,NIS America,Nippon Ichi Software,8.3,7.6,0.07,2018
13849,Dragon's Crown Pro,PS4,Atlus,Vanillaware,8,7.8,0.07,2018
13993,Nobunaga's Ambition: Taishi,PS4,Koei Tecmo,Koei Tecmo Games,7,5.3,0.06,2018
14009,Super Bomberman R,PS4,Konami Digital Entertainment,HexaDrive,6.7,5.4,0.06,2018
14019,Persona 5: Dancing in Starlight,PS4,Atlus,Atlus,7.2,7.8,0.06,2018
14112,Mega Man 11,XOne,Capcom,Capcom,7.7,8.2,0.06,2018
14171,Conan Exiles,XOne,Maximum Games,Funcom Oslo A/S,6.4,5.7,0.06,2018
14205,NBA 2K Playgrounds 2,XOne,2K Games,Saber Interactive,6.2,6.3,0.06,2018
14217,Atelier Lydie & Suelle: The Alchemists and the Mysterious Paintings,PS4,Tecmo Koei,Gust,7.4,7,0.06,2018
14480,Extinction,PS4,Maximum Games,Iron Galaxy,4.7,1.5,0.06,2018
14659,Call of Cthulhu,XOne,Focus Home Interactive,Cyanide,6.6,5.9,0.05,2018
14741,The Long Dark,XOne,Skybound Games,Hinterland Studio Inc.,7.5,7.9,0.05,2018
14766,Pro Evolution Soccer 2019,XOne,Konami,Konami,8.2,6.8,0.05,2018
14769,Hellblade: Senua's Sacrifice,PS4,505 Games,Ninja Theory,8.3,8.1,0.05,2018
14774,Strange Brigade,XOne,Rebellion Developments,Rebellion Developments,7.5,5.9,0.05,2018
14826,The Long Dark,PS4,Skybound Games,Hinterland Studio Inc.,7.5,7.2,0.05,2018
14972,Extinction,XOne,Maximum Games,Iron Galaxy,5.2,1.1,0.05,2018
14979,Apex Construct,PS4,Perp Games,Fast Travel Games,7.2,7,0.05,2018
15011,Metal Max Xeno,PS4,NIS America,Kadokawa Games,6.1,5.4,0.05,2018
15020,Surviving Mars,XOne,Maximum Games,Haemimont Games,7.6,6.5,0.05,2018
15039,Red Faction: Guerrilla Re-Mars-tered,XOne,THQ Nordic,Volition,7.3,4.4,0.05,2018
15044,Dakar 18,PS4,Deep Silver,Bigmoon Entertainment,5.3,5,0.05,2018
15056,ARK Park,PS4,Snail Games USA,Snail Games USA,4.6,4.5,0.05,2018
15213,Owlboy,PS4,Soedesco,D-Pad Studios,8.8,6.6,0.05,2018
15232,Gravel,XOne,Milestone S.r.l.,Milestone S.r.l,6.7,7,0.05,2018
15286,Dead Cells,PS4,Merge Games,Motion Twin,8.7,7.5,0.05,2018
15387,Devil May Cry HD Collection,XOne,Capcom,Capcom,7.1,6.9,0.04,2018
15413,Megadimension Neptunia VIIR,PS4,Idea Factory International,Compile Heart,7.1,6.6,0.04,2018
15429,Pure Farming 2018,PS4,Techland,Ice Flames,7,6.6,0.04,2018
15475,Earthfall,PS4,Gearbox Software,Holospark,5.4,5.8,0.04,2018
15700,Surviving Mars,PS4,Maximum Games,Haemimont Games,7.3,5.9,0.04,2018
15767,Tennis World Tour,PS4,Bigben Interactive,Breakpoint Studio,4.5,2.8,0.04,2018
15773,Black Clover: Quartet Knights,PS4,Bandai Namco Entertainment,Ilinx,5.3,5.2,0.04,2018
15908,Assassin's Creed Rogue Remastered,XOne,Ubisoft,Ubisoft,6,6.8,0.04,2018
15936,Persona 3: Dancing in Moonlight,PS4,Atlus,Atlus,7.3,6,0.04,2018
15946,The Persistence,PS4,Sony Interactive Entertainment,Firesprite,7.8,8.1,0.04,2018
15955,Darkest Dungeon,PS4,Red Hook Studios,Red Hook Studios,8.3,7.6,0.04,2018
15982,Punch Line,PS4,PQube,5pb. Inc.,6.5,4.6,0.04,2018
16012,Omen of Sorrow,PS4,Soedesco,AOne Games,6.4,6.1,0.04,2018
16051,Warriors Orochi 4,XOne,Koei Tecmo,Omega Force,6.8,7.3,0.04,2018
16063,Tennis World Tour,XOne,Bigben Interactive,Breakpoint Studio,4.2,1.9,0.04,2018
16130,The Raven Remastered,PS4,THQ Nordic,KING Art Games,7.2,8.4,0.03,2018
16237,Earthfall,XOne,Gearbox Software,Holospark,5.6,5.5,0.03,2018
16283,Railway Empire,XOne,Kalypso Media,Gaming Minds Studios,7.7,8.3,0.03,2018
16288,MXGP Pro,XOne,Milestone S.r.l.,Milestone S.r.l.,7.5,6.9,0.03,2018
16328,Pure Farming 2018,XOne,Techland,Ice Flames,7.3,7,0.03,2018
16381,World of Final Fantasy Maxima,XOne,Square Enix,Square Enix,8.1,8.1,0.03,2018
16431,All-Star Fruit Racing,PS4,PQube,3DClouds.it,6,3.6,0.03,2018
16442,Super Bomberman R,XOne,Konami Digital Entertainment,HexaDrive,6.3,6.7,0.03,2018
16456,Labyrinth of Refrain: Coven of Dusk,PS4,NIS America,Nippon Ichi Software,7.5,6.7,0.03,2018
16500,Don't Knock Twice,PS4,Perpetual,Wales Interactive Ltd.,5.6,5.6,0.03,2018
16595,The Lost Child,PS4,NIS America,Crim,6.1,5.1,0.03,2018
16763,Bridge Constructor Portal,PS4,Nighthawk Interactive,ClockStoneSoftware,7.8,3.7,0.03,2018
16838,Hellblade: Senua's Sacrifice,XOne,Microsoft Studios,Ninja Theory,8.8,7.3,0.03,2018
16925,Agony,PS4,Maximum Games,Madmind Studio,5,4.9,0.03,2018
16956,Monster Boy and the Cursed Kingdom,PS4,FDG Entertainment,Game Atelier,8.7,7.8,0.03,2018
16958,Past Cure,PS4,Phantom 8 Studio,Phantom 8 Studio,3.7,5,0.03,2018
17058,Lost Sphear,PS4,Square Enix,Tokyo RPG Factory,6,6.9,0.02,2018
17065,Rad Rodgers,PS4,THQ Nordic,3D Realms,6.6,7,0.02,2018
17142,Trailblazers,PS4,Rising Star Games,Supergonk,6.3,6,0.02,2018
17164,Agony,XOne,Maximum Games,Madmind Studio,3.4,4.5,0.02,2018
17211,Bridge Constructor Portal,XOne,Nighthawk Interactive,ClockStone,7.8,5.4,0.02,2018
17219,"Warhammer 40,000: Inquisitor - Martyr",PS4,Neocore Games,Neocore Games,6.4,6.2,0.02,2018
17246,Titan Quest,XOne,THQ Nordic,THQ Nordic,6.6,6.9,0.02,2018
17273,Override: Mech City Brawl,XOne,Modus Games,The Balance Inc,6.4,6.5,0.02,2018
17336,428: Shibuya Scramble,PS4,Spike Chunsoft,Abstraction Games,8.5,7.3,0.02,2018
17493,Titan Quest,PS4,THQ Nordic,Iron Lore Entertainment,5.5,5.6,0.02,2018
17593,Armello,PS4,League of Geeks,League of Geeks,7.4,7.1,0.02,2018
17676,Past Cure,XOne,Phantom 8 Studio,Phantom 8 Studio,3.4,6.9,0.02,2018
17780,Adventure Time: Pirates of the Enchiridion,PS4,Outright Games,Outright Games,6.2,5.2,0.02,2018
17897,Rad Rodgers,XOne,THQ Nordic,3D Realms,6.7,7.8,0.02,2018
17979,"Warhammer 40,000: Inquisitor - Martyr",XOne,Neocore Games,Neocore Games,7.1,3.9,0.02,2018
18089,Tour de France 2018,PS4,Focus Home Interactive,Cyanide Studio,5.7,5.4,0.02,2018
18195,Dakar 18,XOne,Deep Silver,Bigmoon Entertainment,5.4,7.1,0.02,2018
18226,Yoku's Island Express,XOne,Villa Gorilla,Villa Gorilla,9,7.8,0.02,2018
18254,GRIP: Combat Racing,PS4,U&I Entertainment,Caged Element,7.1,6.1,0.01,2018
18335,Tempest 4000,XOne,Atari,Llamasoft,7.5,6.8,0.01,2018
18382,Yoku's Island Express,PS4,Villa Gorilla,Villa Gorilla,9,7.1,0.01,2018
18525,Tempest 4000,PS4,Atari,Llamasoft,7.5,4.8,0.01,2018
18575,Capcom Beat 'Em Up Bundle,PS4,Capcom,Capcom,7.1,4.2,0.01,2018
18634,Mothergunship,XOne,Sold Out,Grip Games,7.7,7.6,0.01,2018
18648,Moonlighter,PS4,Merge Games,Digital Sun,8.1,9,0.01,2018
18765,Mothergunship,PS4,Sold Out,Grip Games,7.8,5.3,0.01,2018
18828,Gungrave VR,PS4,Xseed Games,IGGYMOB,4.1,3.4,0.01,2018
19055,V-Rally 4,PS4,Bigben Interactive,Kylotonn,5.8,5.3,0.01,2018
19214,V-Rally 4,XOne,Bigben Interactive,Kylotonn,6.7,8,0.01,2018
59,Call of Duty: WWII,PS4,Activision,Sledgehammer Games,8,4.3,13.4,2017
81,FIFA 18,PS4,EA Sports,EA Vancouver,8.3,3.4,11.8,2017
101,Horizon: Zero Dawn,PS4,Sony Interactive Entertainment,Guerrilla Games,9.1,8,10,2017
191,Call of Duty: WWII,XOne,Activision,Sledgehammer Games,8,4,6.23,2017
286,Crash Bandicoot N. Sane Trilogy,PS4,Activision,Vicarious Visions,8,8.5,4.83,2017
369,Destiny 2,PS4,Activision,Bungie,8.5,4.9,4.14,2017
378,Assassin's Creed Origins,PS4,Ubisoft,Ubisoft Montreal,8.1,7.2,4.06,2017
419,Gran Turismo Sport,PS4,Sony Interactive Entertainment,Polyphony Digital,7.5,6,3.77,2017
505,NBA 2K18,PS4,2K Sports,Visual Concepts,8.1,1.7,3.34,2017
545,FIFA 18,XOne,EA Sports,EA Vancouver,8,3,3.14,2017
722,Madden NFL 18,PS4,EA Sports,EA Tiburon,8.2,3.7,2.62,2017
779,Assassin's Creed Origins,XOne,Ubisoft,Ubisoft Montreal,8.5,7.5,2.47,2017
835,Uncharted: The Lost Legacy,PS4,Sony Interactive Entertainment,Naughty Dog,8.4,7.7,2.37,2017
840,Destiny 2,XOne,Activision,Bungie,8.7,4.2,2.35,2017
844,Tekken 7,PS4,Namco Bandai Games,Namco Bandai Games,8.2,6.8,2.35,2017
920,NieR: Automata,PS4,Square Enix,PlatinumGames,8.8,8.9,2.2,2017
943,PlayerUnknown's Battlegrounds,XOne,Microsoft Studios,PUBG Corporation,8.5,5,2.17,2017
1036,NBA 2K18,XOne,2K Sports,Visual Concepts,7.7,1.5,2.02,2017
1053,Nioh,PS4,Sony Interactive Entertainment,Team Ninja,8.8,8.5,2,2017
1119,Madden NFL 18,XOne,EA Sports,EA Tiburon,8.8,4.5,1.91,2017
1237,For Honor,PS4,Ubisoft,Ubisoft Montreal,7.8,6.1,1.75,2017
1266,Injustice 2,PS4,Warner Bros. Interactive Entertainment,NetherRealm Studios,8.7,8.1,1.72,2017
1351,Persona 5,PS4,Atlus,Atlus,9.3,8.7,1.64,2017
1480,Forza Motorsport 7,XOne,Microsoft Studios,Turn 10 Studios,8.9,5.9,1.52,2017
1526,Mass Effect: Andromeda,PS4,Electronic Arts,BioWare Corp.,7.1,4.9,1.49,2017
1616,South Park: The Fractured But Whole,PS4,Ubisoft,Ubisoft San Francisco,7.9,7.7,1.43,2017
1663,The Sims 4,PS4,Electronic Arts,Maxis,6.6,3.7,1.39,2017
1707,Wolfenstein II: The New Colossus,PS4,Bethesda Softworks,MachineGames,9,7.5,1.36,2017
1751,WWE 2K18,PS4,2K Sports,Yuke's,6.6,5.6,1.33,2017
2046,MLB The Show 17,PS4,Sony Interactive Entertainment,SIE San Diego Studio,8.5,6.9,1.16,2017
2108,LEGO Worlds,PS4,Warner Bros. Interactive Entertainment,Traveller's Tales,6.6,6.6,1.14,2017
2120,The Elder Scrolls V: Skyrim VR,PS4,Bethesda Softworks,Bethesda Softworks,7.7,8.1,1.13,2017
2154,LEGO Marvel Super Heroes 2,PS4,Warner Bros. Interactive Entertainment,Traveller's Tales,7.3,7.1,1.11,2017
2323,The Evil Within 2,PS4,Bethesda Softworks,Tango Gameworks,7.6,8.5,1.05,2017
2427,ARK: Survival Evolved,PS4,Studio Wildcard,Studio Wildcard,6.9,4.4,1,2017
2442,Final Fantasy XII: The Zodiac Age,PS4,Square Enix,Square Enix,8.6,8.4,1,2017
2738,Injustice 2,XOne,Warner Bros. Interactive Entertainment,NetherRealm Studios,8.9,8.2,0.89,2017
2762,Fortnite,PS4,Gearbox Software,Epic Games,7.8,3.9,0.89,2017
2828,For Honor,XOne,Ubisoft,Ubisoft Montreal,7.9,5.9,0.87,2017
3092,F1 2016,PS4,Codemasters,Codemasters,8.2,7.9,0.78,2017
3099,Mass Effect: Andromeda,XOne,Electronic Arts,BioWare Corp.,7.6,4.9,0.78,2017
3100,Hitman,PS4,Square Enix,IO Interactive,8.4,7.9,0.78,2017
3188,LEGO City Undercover,PS4,Warner Bros. Interactive Entertainment,TT Fusion,8,7.4,0.75,2017
3193,Pro Evolution Soccer 2018,PS4,Konami Digital Entertainment,Konami Digital Entertainment,8.3,7.2,0.75,2017
3268,The Sims 4,XOne,Electronic Arts,Maxis,6.6,2.8,0.73,2017
3409,Marvel vs. Capcom: Infinite,PS4,Capcom,Capcom,7.2,4.5,0.7,2017
3412,Wolfenstein II: The New Colossus,XOne,Bethesda Softworks,MachineGames,8.8,6.2,0.7,2017
3462,LEGO Worlds,XOne,Warner Bros. Interactive Entertainment,Traveller's Tales,6.9,6.4,0.69,2017
3555,WWE 2K18,XOne,2K Sports,Yuke's,6.7,4.8,0.66,2017
3631,Tales of Berseria,PS4,Namco Bandai Games,Namco Bandai Games,7.9,7,0.65,2017
3768,South Park: The Fractured But Whole,XOne,Ubisoft,Ubisoft San Francisco,8.4,7.7,0.62,2017
3772,F1 2017,PS4,Deep Silver,Codemasters,8.6,7.6,0.62,2017
3819,Knowledge is Power,PS4,Sony Interactive Entertainment,Wish Studio,7.1,7.5,0.61,2017
3866,L.A. Noire,PS4,Rockstar Games,Team Bondi,7.6,7.9,0.6,2017
3959,Hidden Agenda,PS4,Sony Interactive Entertainment,Supermassive Games Ltd.,6.6,6.6,0.59,2017
3975,Call of Duty: Modern Warfare Remastered,PS4,Activision,Infinity Ward,8.3,6.9,0.58,2017
3987,Tekken 7,XOne,Namco Bandai Games,Namco Bandai Games,8.1,6.3,0.58,2017
4061,LEGO Marvel Super Heroes 2,XOne,Warner Bros. Interactive Entertainment,Traveller's Tales,7.4,7.4,0.57,2017
4114,NHL 18,PS4,EA Sports,EA Canada,7.5,3.5,0.57,2017
4119,Everybody's Golf,PS4,Sony Interactive Entertainment,Clap Hanz,8.1,7.8,0.56,2017
4170,DOOM VFR,PS4,Bethesda Softworks,id Software,7.1,8,0.56,2017
4187,Sonic Forces,PS4,Sega,Sonic Team,5.7,6.9,0.56,2017
4219,Sniper Elite 4,PS4,Rebellion Developments,Rebellion Developments,7.7,6.9,0.55,2017
4257,Project CARS 2,PS4,Namco Bandai Games,Slightly Mad Studios,8.2,6.1,0.55,2017
4481,Halo Wars 2,XOne,Microsoft Studios,Creative Assembly,7.9,6,0.51,2017
4555,Attack on Titan,PS4,Tecmo Koei,Omega Force,7.4,7,0.5,2017
4689,DiRT 4,PS4,Deep Silver,Codemasters,8.5,7.5,0.49,2017
4710,Farpoint,PS4,Sony Interactive Entertainment,Impulse Gear,7.1,8.1,0.48,2017
4745,Friday the 13th: The Game,PS4,Gun Media,IllFonic,6.1,6.2,0.48,2017
4844,Knack 2,PS4,Sony Interactive Entertainment,SIE Japan Studio,6.7,7.6,0.47,2017
4993,Yakuza Kiwami,PS4,Sega,Sega,8,8.1,0.45,2017
5239,Hello Neighbor,XOne,Gearbox Software,Dynamic Pixels,4.2,4.3,0.42,2017
5594,NHL 18,XOne,EA Sports,EA Canada,7.7,3.8,0.39,2017
5624,The Evil Within 2,XOne,Bethesda Softworks,Tango Gameworks,8.2,9.1,0.39,2017
5652,Little Nightmares,PS4,Namco Bandai Games,Tarsier Studios,7.8,7.9,0.39,2017
5886,Okami HD,PS4,Capcom,Clover Studio,8.7,8,0.36,2017
5904,Sniper: Ghost Warrior 3,PS4,City Interactive,City Interactive,5.5,6.4,0.36,2017
6046,Gravity Rush 2,PS4,Sony Interactive Entertainment,SIE Japan Studio,8,8.1,0.35,2017
6097,Marvel vs. Capcom: Infinite,XOne,Capcom,Capcom,7.7,5,0.34,2017
6200,Dishonored: Death of the Outsider,PS4,Bethesda Softworks,Arkane Studios,8.2,7,0.33,2017
6569,Sonic Mania,PS4,Sega,PagodaWest Games,8.6,8.4,0.31,2017
6665,LEGO City Undercover,XOne,Warner Bros. Interactive Entertainment,TT Fusion,7.7,6.8,0.3,2017
6707,Just Dance 2018,PS4,Ubisoft,Ubisoft Paris,7.5,5.9,0.3,2017
6741,Sniper Elite 4,XOne,Rebellion Developments,Rebellion Developments,8.1,7.4,0.3,2017
6860,Cars 3: Driven to Win,PS4,Warner Bros. Interactive Entertainment,Avalanche Software,7.2,5.9,0.29,2017
6905,Sonic Forces,XOne,Sega,Sonic Team,6.2,7.2,0.29,2017
7069,Gundam Versus,PS4,Namco Bandai Games,Namco Bandai Games,7.3,6.4,0.28,2017
7249,Fate/Extella: The Umbral Star,PS4,Xseed Games,Marvelous Entertainment,6.7,7,0.27,2017
7278,Friday the 13th: The Game,XOne,Gun Media,IllFonic,5.3,5.5,0.27,2017
7334,Ultimate Marvel vs. Capcom 3,PS4,Capcom,Capcom,7.7,7.2,0.26,2017
7497,L.A. Noire,XOne,Rockstar Games,Team Bondi,7.7,7.8,0.25,2017
7576,Danganronpa V3: Killing Harmony,PS4,NIS America,Spike Chunsoft,8.1,7.9,0.25,2017
7684,NBA Live 18,PS4,EA Sports,EA Sports,7.2,6,0.24,2017
7726,.hack//G.U. Last Recode,PS4,Namco Bandai Games,CyberConnect2,7.6,7.9,0.24,2017
7767,The Escapists 2,PS4,Sold Out,Team17 Software,7.6,7,0.24,2017
7828,The Elder Scrolls Online: Morrowind,PS4,Bethesda Softworks,ZeniMax Online Studios,7.5,6,0.24,2017
7854,Digimon World: Next Order,PS4,Namco Bandai Games,Bandai Namco Games,6.8,6.4,0.24,2017
7958,Elex,PS4,THQ Nordic,Piranha Bytes,5.8,6.4,0.23,2017
8092,DiRT 4,XOne,Deep Silver,Codemasters,8.6,6.7,0.23,2017
8136,Dead by Daylight,PS4,505 Games,Behaviour Interactive Inc.,6.4,6.1,0.22,2017
8282,Super Lucky's Tale,XOne,Microsoft Studios,Playful Corp.,6.5,6.9,0.22,2017
8333,Senran Kagura: Peach Beach Splash,PS4,Xseed Games,Marvelous Entertainment,7,7.1,0.21,2017
8469,Dragon's Dogma: Dark Arisen,PS4,Capcom,Capcom,7.8,8.2,0.21,2017
8476,NBA Live 18,XOne,EA Sports,EA Sports,7.2,5.3,0.21,2017
8657,Project CARS 2,XOne,Namco Bandai Games,Slightly Mad Studios,8.4,5.6,0.2,2017
8716,Agents of Mayhem,PS4,Deep Silver,Volition Inc.,6.2,6.6,0.2,2017
8854,Elite: Dangerous,PS4,Frontier Developments,Frontier Developments,7.7,7.1,0.19,2017
8996,The Surge,PS4,Focus Home Interactive,DECK13 Interactive,7.3,6.8,0.19,2017
9037,F1 2017,XOne,Deep Silver,Codemasters,8.4,7.2,0.19,2017
9125,Resident Evil: Revelations,PS4,Capcom,Capcom,7.2,7.2,0.18,2017
9251,Sniper: Ghost Warrior 3,XOne,City Interactive,City Interactive,5.7,6.3,0.18,2017
9419,Final Fantasy XIV: Stormblood,PS4,Square Enix,Square Enix,8.9,8.6,0.17,2017
9571,Ride 2,PS4,Milestone S.r.l,Milestone S.r.l.,6.9,6.3,0.16,2017
9587,Dead Rising 4: Frank's Big Package,PS4,Capcom,Capcom,7.2,5.3,0.16,2017
9646,Little Nightmares,XOne,Namco Bandai Games,Tarsier Studios,8.3,7.7,0.16,2017
9661,Berserk and the Band of the Hawk,PS4,Tecmo Koei,Omega Force,6.6,6.7,0.16,2017
9762,Valkyria Revolution,PS4,Sega,Media.Vision,5.4,5.9,0.16,2017
10039,The Escapists 2,XOne,Sold Out,Team17 Software,7.7,5.8,0.15,2017
10104,Toukiden 2,PS4,Tecmo Koei,Omega Force,7.7,7.6,0.15,2017
10214,Cyberdimension Neptunia: 4 Goddesses Online,PS4,Idea Factory International,Compile Heart,7.1,7.2,0.14,2017
10418,Dishonored: Death of the Outsider,XOne,Bethesda Softworks,Arkane Studios,8.4,6.7,0.14,2017
10504,MotoGP 17,PS4,Koch Media,Milestone S.r.l.,6.8,3.4,0.14,2017
10529,The Elder Scrolls Online: Morrowind,XOne,Bethesda Softworks,ZeniMax Online Studios,7.6,5.6,0.14,2017
10730,NASCAR Heat 2,PS4,704Games,Monster Games,6.6,6.2,0.13,2017
10756,Bulletstorm: Full Clip Edition,PS4,Gearbox Software,People Can Fly,7.5,6.9,0.13,2017
10900,Sonic Mania,XOne,Sega,PagodaWest Games,8.3,8.2,0.13,2017
10923,Utawarerumono: Mask of Truth,PS4,Atlus,Aqua Plus,7.5,7.6,0.13,2017
10973,Utawarerumono: Mask of Deception,PS4,Atlus,Aqua Plus,6.8,7.2,0.13,2017
11141,Job Simulator,PS4,Sony Interactive Entertainment,Owlchemy Labs,7.1,7,0.12,2017
11147,Dead by Daylight,XOne,505 Games,Behaviour Interactive Inc.,5.8,6.2,0.12,2017
11151,Portal Knights,PS4,505 Games,Keen Games,7.1,6.5,0.12,2017
11248,The Surge,XOne,Focus Home Interactive,DECK13 Interactive,7.4,7.3,0.12,2017
11274,Danganronpa 1-2 Reload,PS4,NIS America,Spike Chunsoft,8.3,8.1,0.12,2017
11330,Pro Evolution Soccer 2018,XOne,Konami Digital Entertainment,Konami Digital Entertainment,8.2,6.4,0.12,2017
11717,RiME,PS4,Grey Box,Tequila Works,7.1,7.7,0.11,2017
11723,Agents of Mayhem,XOne,Deep Silver,Volition Inc.,7.3,6.4,0.11,2017
12024,Tokyo Xanadu eX+,PS4,Aksys Games,Nihon Falcom Corporation,7.5,7.4,0.1,2017
12032,Stardew Valley,PS4,505 Games,ConcernedApe,8.8,7.6,0.1,2017
12105,Warriors All-Stars,PS4,Tecmo Koei,Omega Force,7,6.5,0.1,2017
12125,Mega Man Legacy Collection 2,PS4,Capcom,Capcom,7.1,7.2,0.1,2017
12185,Puyo Puyo Tetris,PS4,Sega,Sonic Team,8.3,7.4,0.1,2017
12207,Sudden Strike 4,PS4,Kalypso Media,Kite Games,6.3,7.2,0.1,2017
12241,Accel World vs. Sword Art Online: Millennium Twilight,PS4,Namco Bandai Games,Namco Bandai Games,6.4,6.1,0.1,2017
12426,Yooka-Laylee,XOne,Sold Out,Playtonic Games,7.3,9.3,0.1,2017
12726,Summon Night 6: Lost Borders,PS4,Gaijinworks,Media.Vision,7.1,6.7,0.09,2017
12733,Dark Rose Valkyrie,PS4,Idea Factory International,Compile Heart,5.8,6.4,0.09,2017
12955,Ride 2,XOne,Milestone S.r.l,Milestone S.r.l.,6.6,7.4,0.08,2017
12972,Elite: Dangerous,XOne,Frontier Developments,Frontier Developments,8,7.2,0.08,2017
13049,Bulletstorm: Full Clip Edition,XOne,Gearbox Software,People Can Fly,8.2,7.3,0.08,2017
13066,The Sexy Brutale,PS4,Badland Games,Tequila Works,7.7,7.6,0.08,2017
13212,Atelier Firis: The Alchemist and the Mysterious Journey,PS4,Tecmo Koei,Gust,7.4,7,0.08,2017
13362,Akiba's Beat,PS4,Xseed Games,Acquire,5.5,6.7,0.08,2017
13405,God Wars: Future Past,PS4,NIS America,Kadokawa Games,7.4,7.1,0.07,2017
13453,Samurai Warriors: Spirit of Sanada,PS4,Tecmo Koei,Omega Force,7.4,6.8,0.07,2017
13521,Has-Been Heroes,PS4,GameTrust,Frozenbyte,6.1,6.5,0.07,2017
13547,Styx: Shards of Darkness,PS4,Focus Home Interactive,Cyanide Studio,7.2,7.1,0.07,2017
13596,The Silver Case,PS4,NIS America,Grasshopper Manufacture,6.4,6.2,0.07,2017
13662,Disneyland Adventures,XOne,Microsoft Studios,Asobo Studio,6.7,6.9,0.07,2017
13690,WRC 7,PS4,Bigben Interactive,Kylotonn Entertainment,7,7.2,0.07,2017
14013,Aven Colony,XOne,Sold Out,Mothership Entertainment,7.7,7.2,0.06,2017
14068,Birthdays the Beginning,PS4,NIS America,Arc System Works,6.5,6.5,0.06,2017
14087,Rugby 18,PS4,Koch Media,EKO Software,4.1,4.7,0.06,2017
14292,Killing Floor 2,XOne,Tripwire Interactive,Tripwire Interactive,7.9,6.5,0.06,2017
14353,Yomawari: Midnight Shadows,PS4,NIS America,Nippon Ichi Software,7.7,6.8,0.06,2017
14361,Okami HD,XOne,Capcom,Clover Studio,8.7,8.2,0.06,2017
14400,Outcast: Second Contact,PS4,Maximum Games,Bigben Interactive,6.1,7.2,0.06,2017
14508,Sine Mora EX,PS4,THQ Nordic,Digital Reality,8.1,7.6,0.06,2017
14534,Aven Colony,PS4,Sold Out,Mothership Entertainment,7.3,6.9,0.06,2017
14539,Battle Chasers: Nightwar,PS4,THQ Nordic,Airship Syndicate,7.5,6.5,0.06,2017
14593,Styx: Shards of Darkness,XOne,Focus Home Interactive,Cyanide Studio,7.2,7.5,0.06,2017
14702,Black Mirror,PS4,THQ Nordic,KING Art Games,5.4,5.4,0.05,2017
14714,Touhou Genso Wanderer,PS4,NIS America,AQUA STYLE,7,6.7,0.05,2017
14765,Starblood Arena,PS4,Sony Interactive Entertainment,WhiteMoon Dreams,6.8,7.3,0.05,2017
14772,Bubsy: The Woolies Strike Back,PS4,Accolade,Black Forest Games,4.5,5.8,0.05,2017
15024,Cars 3: Driven to Win,XOne,Warner Bros. Interactive Entertainment,Avalanche Software,5.9,7,0.05,2017
15145,WRC 7,XOne,Bigben Interactive,Kylotonn Entertainment,7,7.7,0.05,2017
15340,That's You!,PS4,Sony Interactive Entertainment,Wish Studio,7,7.1,0.04,2017
15347,Raid: World War II,PS4,505 Games,Lion Game Lion,4.6,3.5,0.04,2017
15385,Vikings: Wolves of Midgard,PS4,Kalypso Media,Games Farm,6.7,6.6,0.04,2017
15433,Dragon's Dogma: Dark Arisen,XOne,Capcom,Capcom,8,8.3,0.04,2017
15497,Valkyria Revolution,XOne,Sega,Media.Vision,5.6,5.6,0.04,2017
15659,Elex,XOne,THQ Nordic,Piranha Bytes,6.2,6.4,0.04,2017
15697,Battle Chasers: Nightwar,XOne,THQ Nordic,Airship Syndicate,8.4,6.6,0.04,2017
15716,Yonder: The Cloud Catcher Chronicles,PS4,CokeM Interactive,Prideful Sloth,6.4,7.7,0.04,2017
15777,Danganronpa Another Episode: Ultra Despair Girls,PS4,NIS America,Spike Chunsoft,6.7,7,0.04,2017
15832,Dead Alliance,XOne,Maximum Games,IllFonic,4.3,3.4,0.04,2017
15899,ABZU,PS4,505 Games,Giant Squid Studios,7.8,7.6,0.04,2017
15941,Shadow Tactics: Blades of the Shogun,PS4,Kalypso Media,Mimimi Productions,8.5,7.9,0.04,2017
16315,Dynasty Warriors: Godseekers,PS4,Tecmo Koei,Omega Force,7,6.6,0.03,2017
16316,Black Mirror,XOne,THQ Nordic,KING Art Games,5.7,2.9,0.03,2017
16393,Raid: World War II,XOne,505 Games,Lion Game Lion,4.6,6.1,0.03,2017
16504,Troll and I,PS4,Maximum Games,Spiral House,3.9,4.6,0.03,2017
16517,Carmageddon: Max Damage,XOne,Stainless Games,Stainless Games,5.2,7.2,0.03,2017
16628,Road Rage,PS4,Maximum Games,Team 6 Games Studio,2.6,2.3,0.03,2017
16714,Stardew Valley,XOne,505 Games,ConcernedApe,8.8,7.7,0.03,2017
16778,Baja: Edge of Control HD,PS4,THQ Nordic,2XL Games,6.5,5.9,0.03,2017
16845,The Town of Light,PS4,Wired Productions,LKA,6.7,6.1,0.03,2017
16870,Zero Escape: Zero Time Dilemma,PS4,Rising Star Games,Chime,8,6.8,0.03,2017
16876,AereA,PS4,Soedesco,Triangle Studios,4.6,1.8,0.03,2017
17007,Touhou Kobuto V: Burst Battle,PS4,NIS America,CUBETYPE,4.2,3,0.03,2017
17111,Redout,PS4,505 Games,Nicalis,8.1,7.4,0.02,2017
17146,PaRappa the Rapper Remastered,PS4,Sony Interactive Entertainment,SIE Japan Studio,6.1,5.3,0.02,2017
17413,Tricky Towers,PS4,Soedesco,WeirdBeard,7.2,7,0.02,2017
17641,Redout,XOne,505 Games,Nicalis,7.6,8.2,0.02,2017
17662,Portal Knights,XOne,505 Games,Keen Games,7.7,6.2,0.02,2017
17912,FlatOut 4: Total Insanity,PS4,Unfinished Pixel,Kylotonn Entertainment,6.2,6.6,0.02,2017
17964,Chaos;Child,PS4,PQube,5pb. Inc.,7.6,7.8,0.02,2017
17970,Rogue Trooper Redux,XOne,Rebellion,TickTock Games,6.1,7.5,0.02,2017
18008,Rogue Trooper Redux,PS4,Rebellion,TickTock Games,5.9,6.5,0.02,2017
18011,Vikings: Wolves of Midgard,XOne,Kalypso Media,Games Farm,6.4,7.3,0.02,2017
18129,Space Hulk: Deathwing,PS4,Focus Home Interactive,Cyanide Studio,5.5,7.5,0.02,2017
18302,Torment: Tides of Numenera,PS4,Techland,InXile Entertainment,7.6,6.8,0.01,2017
18326,FlatOut 4: Total Insanity,XOne,Strategy First,Kylotonn Entertainment,6.6,6.3,0.01,2017
18332,Little Witch Academia: Chamber of Time,PS4,Bandai Namco Entertainment,A+ Games,5.8,6.4,0.01,2017
18482,The Town of Light,XOne,THQ Nordic,LKA,6,6.9,0.01,2017
18989,Torment: Tides of Numenera,XOne,Techland,InXile Entertainment,7.9,6.8,0.01,2017
19067,Moto Racer 4,PS4,Microids,Microids,4.9,5.4,0.01,2017
19263,Undertale,PS4,Toby Fox,Toby Fox,9.2,6.6,0.01,2017
37,Uncharted 4: A Thief's End,PS4,Sony Interactive Entertainment,Naughty Dog,9.2,8.4,16.25,2016
90,FIFA 17,PS4,Electronic Arts,EA Canada,8.9,4.8,10.94,2016
127,Call of Duty: Infinite Warfare,PS4,Activision,Infinity Ward,7.7,3.8,8.48,2016
154,Battlefield 1,PS4,Electronic Arts,EA DICE,9.1,7.9,7.26,2016
253,Battlefield 1,XOne,Electronic Arts,EA DICE,9.3,7.6,5.13,2016
264,Final Fantasy XV,PS4,Square Enix,Square Enix,8.1,9.5,5.07,2016
288,Call of Duty: Infinite Warfare,XOne,Activision,Infinity Ward,7.8,3.6,4.79,2016
311,Overwatch,PS4,Blizzard Entertainment,Blizzard Entertainment,8.8,6.4,4.54,2016
333,Tom Clancy's The Division,PS4,Ubisoft,Massive Entertainment,8,7,4.37,2016
426,FIFA 17,XOne,Electronic Arts,EA Canada,8.8,5.1,3.71,2016
464,NBA 2K17,PS4,2K Sports,Visual Concepts,9,6.4,3.52,2016
497,Gears of War 4,XOne,Microsoft Studios,The Coalition,8.4,6.9,3.38,2016
499,The Elder Scrolls V: Skyrim Special Edition,PS4,Bethesda Softworks,Bethesda Softworks,8.3,7.1,3.36,2016
500,Watch Dogs 2,PS4,Ubisoft,Ubisoft,8.2,7.7,3.36,2016
520,Madden NFL 17,PS4,EA Sports,EA Tiburon,8.5,4.4,3.28,2016
630,Mafia III,PS4,2K Games,Hangar 13,6.9,5.2,2.87,2016
686,Overwatch,XOne,Blizzard Entertainment,Blizzard Entertainment,8.7,5.9,2.72,2016
732,Tom Clancy's The Division,XOne,Ubisoft,Massive Entertainment,8,6.9,2.59,2016
753,Dragon Ball: Xenoverse 2,PS4,Namco Bandai Games,Dimps Corporation,7.1,7.5,2.52,2016
767,Forza Horizon 3,XOne,Microsoft Studios,Playground Games,9,8,2.5,2016
791,Dark Souls III,PS4,Namco Bandai Games,From Software,8.9,8.8,2.45,2016
794,Madden NFL 17,XOne,EA Sports,EA Tiburon,8.1,5.4,2.44,2016
888,No Man's Sky,PS4,Hello Games,Hello Games,6.8,4.6,2.26,2016
1025,NBA 2K17,XOne,2K Sports,Visual Concepts,8.8,6,2.04,2016
1035,Rocket League,PS4,505 Games,Psyonix Studios,8.7,8.5,2.02,2016
1079,Dishonored 2,PS4,Bethesda Softworks,Arkane Studios,8.8,7.9,1.97,2016
1082,Naruto Shippuden: Ultimate Ninja Storm 4,PS4,Namco Bandai Games,CyberConnect2,7.9,8,1.96,2016
1170,The Elder Scrolls V: Skyrim Special Edition,XOne,Bethesda Softworks,Bethesda Softworks,8.1,7.4,1.83,2016
1262,Titanfall 2,PS4,Electronic Arts,Respawn Entertainment,8.9,8.4,1.72,2016
1564,Dying Light,XOne,Warner Bros. Interactive Entertainment,Techland,7.4,7.8,1.47,2016
1664,Street Fighter V,PS4,Capcom,Capcom,7.7,3.6,1.39,2016
1679,Rocket League,XOne,505 Games,Psyonix Studios,8,8.2,1.38,2016
1686,Titanfall 2,XOne,Electronic Arts,Respawn Entertainment,8.7,8.3,1.37,2016
1733,Watch Dogs 2,XOne,Ubisoft,Ubisoft,8.1,7.3,1.35,2016
1794,EA Sports UFC 2,PS4,EA Sports,EA Canada,7.9,5.8,1.31,2016
1819,The Last Guardian,PS4,Sony Interactive Entertainment,SIE Japan Studio,7.9,8,1.29,2016
1908,Dark Souls III,XOne,Namco Bandai Games,From Software,8.7,8.6,1.24,2016
1935,WWE 2K17,PS4,2K Games,Yuke's,6.9,6.1,1.22,2016
2105,Final Fantasy XV,XOne,Square Enix,Square Enix,8.3,7.7,1.14,2016
2166,Mafia III,XOne,2K Games,Hangar 13,6.8,4.8,1.11,2016
2264,Dragon Ball: Xenoverse 2,XOne,Namco Bandai Games,Dimps Corporation,7.3,7.9,1.07,2016
2399,Steep,PS4,Ubisoft,Ubisoft Annecy,7.1,6.4,1.01,2016
2405,LEGO Marvel's Avengers,PS4,Warner Bros. Interactive Entertainment,Traveller's Tales,7.1,7.1,1.01,2016
2786,LEGO Harry Potter Collection,PS4,Warner Bros. Interactive Entertainment,Traveller's Tales,7.3,7.3,0.88,2016
2831,Dead Rising 4,XOne,Microsoft Studios,Capcom,7.2,4.7,0.87,2016
2839,BioShock: The Collection,PS4,2K Games,"Blind Squirrel Digital, Inc",8.4,8.4,0.86,2016
2840,Dishonored 2,XOne,Bethesda Softworks,Arkane Studios,8.8,7.2,0.86,2016
2861,Until Dawn: Rush of Blood,PS4,Sony Interactive Entertainment,Supermassive Games Ltd.,7.2,7.7,0.85,2016
2872,Farming Simulator 17,PS4,Focus Home Interactive,Giants Software,6.9,6.5,0.85,2016
3182,Quantum Break,XOne,Microsoft Studios,Remedy Entertainment,7.7,7.1,0.76,2016
3203,Pro Evolution Soccer 2017,PS4,Konami Digital Entertainment,PES Productions,8.5,7.3,0.75,2016
3330,Deus Ex: Mankind Divided,PS4,Square Enix,Eidos Montreal,8.4,7.6,0.72,2016
3641,One Piece: Burning Blood,PS4,Namco Bandai Games,Spike Chunsoft,6.6,7.3,0.65,2016
3649,Batman: Return to Arkham,PS4,Warner Bros. Interactive Entertainment,Rocksteady Studios,7.3,8.1,0.64,2016
3759,World of Final Fantasy,PS4,Square Enix,Square Enix,7.7,7.7,0.62,2016
3835,EA Sports UFC 2,XOne,EA Sports,EA Canada,7.6,5.6,0.61,2016
3886,NHL 17,XOne,EA Sports,EA Canada,7.7,4,0.6,2016
4092,WWE 2K17,XOne,2K Games,Yuke's,6.8,4.9,0.57,2016
4116,Mega Man Legacy Collection,PS4,Capcom,Digital Eclipse Software,7.7,6.4,0.57,2016
4422,NHL 17,PS4,EA Sports,EA Canada,7.8,5.6,0.52,2016
4513,DiRT Rally,PS4,Codemasters,Codemasters,8.5,7.9,0.51,2016
4539,Homefront: The Revolution,PS4,Deep Silver,Dambuster Studios,4.8,4,0.5,2016
4714,LEGO Marvel's Avengers,XOne,Warner Bros. Interactive Entertainment,Traveller's Tales,7.1,5.3,0.48,2016
4724,Battleborn,PS4,2K Games,Gearbox Software,6.8,6.8,0.48,2016
4746,Steep,XOne,Ubisoft,Ubisoft Annecy,7.2,6.4,0.48,2016
4773,BioShock: The Collection,XOne,2K Games,"Blind Squirrel Digital, Inc",8.4,8.7,0.48,2016
5167,Skylanders Imaginators,PS4,Activision,Toys for Bob,7.9,5.3,0.43,2016
5308,Mirror's Edge Catalyst,PS4,Electronic Arts,EA DICE,6.9,5.6,0.42,2016
5436,Sword Art Online: Hollow Realization,PS4,Namco Bandai Games,Aquria,6.9,7.5,0.41,2016
5589,Deus Ex: Mankind Divided,XOne,Square Enix,Eidos Montreal,8.3,7.3,0.39,2016
5611,Batman: Arkham VR,PS4,Warner Bros. Interactive Entertainment,Rocksteady Studios,7.4,7.2,0.39,2016
5776,Life is Strange,PS4,Square Enix,DONTNOD Entertainment,8.5,8.6,0.37,2016
6057,Naruto Shippuden: Ultimate Ninja Storm 4,XOne,Namco Bandai Games,CyberConnect2,8,8.4,0.35,2016
6106,Just Dance 2017,XOne,Ubisoft,Ubisoft Paris,7.3,6.6,0.34,2016
6165,The King of Fighters XIV,PS4,Atlus,SNK Playmore,7.9,8.2,0.34,2016
6203,Valkyria Chronicles Remastered,PS4,Sega,Sega,8.4,8.2,0.33,2016
6578,XCOM 2,PS4,2K Games,Firaxis Games,8.7,7.3,0.31,2016
7028,Battleborn,XOne,2K Games,Gearbox Software,7.1,7.2,0.28,2016
7194,Killing Floor 2,PS4,Tripwire Interactive,Tripwire Interactive,7.5,7.3,0.27,2016
7196,Robinson: The Journey,PS4,Sony Interactive Entertainment,Crytek,6.4,6.7,0.27,2016
7197,Driveclub VR,PS4,Sony Interactive Entertainment,Evolution Studios,6.6,6.7,0.27,2016
7236,Skylanders Imaginators,XOne,Activision,Toys for Bob,7.8,5.2,0.27,2016
7453,ReCore,XOne,Microsoft Studios,Armature Studio,6.3,6.7,0.26,2016
7756,Just Dance 2017,PS4,Ubisoft,Ubisoft Paris,7.3,6.7,0.24,2016
7971,RIGS: Mechanized Combat League,PS4,Sony Interactive Entertainment,Guerrilla Cambridge,7.8,7.6,0.23,2016
8150,F1 2016,XOne,Codemasters,Codemasters,8.5,7.8,0.22,2016
8294,DiRT Rally,XOne,Codemasters,Codemasters,8.6,8.1,0.21,2016
8304,EVE: Valkyrie,PS4,Sony Interactive Entertainment,CCP,7.1,6.8,0.21,2016
8353,Homefront: The Revolution,XOne,Deep Silver,Dambuster Studios,4.9,4.5,0.21,2016
8455,7 Days to Die,PS4,Telltale Games,The Fun Pimps,4.5,5.8,0.21,2016
8565,Eagle Flight,PS4,Ubisoft,Ubisoft,7.3,6.9,0.2,2016
8787,One Piece: Burning Blood,XOne,Namco Bandai Games,Spike Chunsoft,6,6.4,0.19,2016
8980,Mirror's Edge Catalyst,XOne,Electronic Arts,EA DICE,7.2,5.7,0.19,2016
9031,XCOM 2,XOne,2K Games,Firaxis Games,8.7,7.4,0.19,2016
9193,Senran Kagura: Estival Versus,PS4,Xseed Games,Marvelous Entertainment,6.7,7.6,0.18,2016
9375,Resident Evil 6,PS4,Capcom,Capcom,6,6.6,0.17,2016
9464,BlazBlue: Central Fiction,PS4,Aksys Games,Arc System Works,8.4,7.7,0.17,2016
9639,Battlezone,PS4,Sony Interactive Entertainment,Rebellion Developments,6.6,7.1,0.16,2016
9837,Gravity Rush Remastered,PS4,Sony Computer Entertainment,Bluepoint Games,7.9,8.1,0.16,2016
9935,Psycho-Pass: Mandatory Happiness,PS4,NIS America,5pb. Inc.,7.2,6.7,0.15,2016
10017,Atelier Sophie: The Alchemist of the Mysterious Book,PS4,Tecmo Koei,Gust,7.5,7.6,0.15,2016
10057,NASCAR Heat Evolution,PS4,Dusenberry Martin Racing,Monster Games,6.6,4.4,0.15,2016
10117,Song of the Deep,PS4,Insomniac Games,Insomniac Games,6.9,7.1,0.15,2016
10128,Attack on Titan,XOne,Tecmo Koei,Omega Force,7.7,6.4,0.15,2016
10221,Grand Kingdom,PS4,NIS America,Monochrome Corporation,7.8,7.5,0.14,2016
10232,Arslan: The Warriors of Legend,PS4,Tecmo Koei,Koei Tecmo Games,6.9,6.5,0.14,2016
10517,Fairy Fencer F: Advent Dark Force,PS4,Idea Factory International,Compile Heart,7.1,6.8,0.14,2016
10626,Hatsune Miku: Project Diva X,PS4,Sega,Sega,7.8,7.3,0.13,2016
10767,Song of the Deep,XOne,Insomniac Games,Insomniac Games,6.6,7.1,0.13,2016
11079,Teenage Mutant Ninja Turtles: Mutants in Manhattan,PS4,Activision,PlatinumGames,4.4,5.5,0.12,2016
11339,7 Days to Die,XOne,Telltale Games,The Fun Pimps,3.5,5.4,0.12,2016
11550,Darksiders: Warmastered Edition,PS4,THQ Nordic,Kaiko,8.1,7.6,0.11,2016
11570,Mighty No. 9,PS4,Deep Silver,Comcept,5.2,3.5,0.11,2016
12069,Romance of the Three Kingdoms XIII,PS4,Tecmo Koei,Koei Tecmo Games,6.7,7.1,0.1,2016
12346,Resident Evil 4,PS4,Capcom,Capcom,8.2,8.2,0.1,2016
12358,Pro Evolution Soccer 2017,XOne,Konami Digital Entertainment,PES Productions,8.7,5.8,0.1,2016
12442,The Technomancer,PS4,Focus Home Interactive,Spiders,6,6.7,0.09,2016
12496,Nights of Azure,PS4,Tecmo Koei,Gust,6.7,7.2,0.09,2016
12525,Nobunaga's Ambition: Sphere of Influence - Ascension,PS4,Tecmo Koei,Koei Tecmo Games,7.4,6.7,0.09,2016
12619,God Eater Resurrection,PS4,Namco Bandai Games,Namco Bandai Games,7,7.2,0.09,2016
12756,Duke Nukem 3D: 20th Anniversary World Tour,PS4,Gearbox Software,Gearbox Software,7.7,7.4,0.09,2016
12810,Nights of Azure,PS4,Tecmo Koei,Gust,6.7,7.2,0.09,2016
12927,Agatha Christie's The ABC Murders,PS4,Unfinished Pixel,Artefacts Studio,6.7,6.1,0.08,2016
12956,Shantae: Half-Genie Hero,PS4,Xseed Games,Way Forward Technologies,8.1,7.6,0.08,2016
13301,Assetto Corsa,PS4,505 Games,Kunos Simulazioni,7.3,6.1,0.08,2016
13432,Resident Evil 5,PS4,Capcom,Capcom,6.9,7.4,0.07,2016
13507,Teenage Mutant Ninja Turtles: Mutants in Manhattan,XOne,Activision,PlatinumGames,5.5,6,0.07,2016
13585,Touhou Genso Rondo: Bullet Ballet,PS4,NIS America,CUBETYPE,5.5,5.3,0.07,2016
13829,Resident Evil 6,XOne,Capcom,Capcom,6.3,6.4,0.07,2016
13936,Steins;Gate 0,PS4,PQube,5pb. Inc.,8.1,7.9,0.07,2016
14022,Mark McMorris Infinite Air,PS4,Maximum Games,HB Studios,5,7.1,0.06,2016
14032,Dead or Alive Xtreme 3: Fortune,PS4,Tecmo Koei,Team Ninja,4.3,7.4,0.06,2016
14182,Sherlock Holmes: The Devil's Daughter,PS4,Bigben Interactive,Bigben Interactive,7.1,7.1,0.06,2016
14259,Sherlock Holmes: The Devil's Daughter,XOne,Bigben Interactive,Bigben Interactive,6.6,7.1,0.06,2016
14504,Exist Archive: The Other Side of the Sky,PS4,Aksys Games,tri-Ace,6.9,7,0.06,2016
14794,Agatha Christie's The ABC Murders,XOne,Unfinished Pixel,Artefacts Studio,6.6,6.7,0.05,2016
14814,Nitroplus Blasterz: Heroines Infinite Duel,PS4,Xseed Games,Examu Inc.,7,6.8,0.05,2016
14848,Werewolves Within,PS4,Ubisoft,Ubisoft,7.6,7.1,0.05,2016
14998,Resident Evil 4,XOne,Capcom,Capcom,7.6,8,0.05,2016
15012,The Technomancer,XOne,Focus Home Interactive,Spiders,6.8,7.3,0.05,2016
15148,Prison Architect,PS4,Introversion Software,Introversion Software,8,7.1,0.05,2016
15240,Assault Suit Leynos,PS4,Rising Star Games,"extreme Co.,Ltd.",6.7,6.7,0.05,2016
15348,Megadimension Neptunia VII,PS4,Idea Factory International,Compile Heart,7.1,7,0.04,2016
15478,Resident Evil 5,XOne,Capcom,Capcom,7.5,7.3,0.04,2016
15484,Darksiders: Warmastered Edition,XOne,THQ Nordic,Kaiko,8,8,0.04,2016
15666,Here They Lie,PS4,Sony Interactive Entertainment,Tangentlemen,6.2,6.8,0.04,2016
15710,Aragami,PS4,Maximum Games,Lince Works,7.1,7.1,0.04,2016
15726,JoJo's Bizarre Adventure: Eyes of Heaven,PS4,Namco Bandai Games,Namco Bandai Games,6.1,7.2,0.04,2016
15779,Aegis of Earth: Protonovus Assault,PS4,Aksys Games,Acquire,5.7,6.4,0.04,2016
15889,Lumo,PS4,Rising Star Games,Triple Eh?,7.3,5.9,0.04,2016
16268,The Dwarves,PS4,THQ Nordic,KING Art Games,6,6.1,0.03,2016
16482,Super Dungeon Bros,PS4,Wired Productions,React Games,4.3,1.9,0.03,2016
16687,Dino Dini's Kick Off Revival,PS4,Avanquest,The Digital Lounge,3.1,4.6,0.03,2016
16911,Root Letter,PS4,PQube,Kadokawa Games,6.8,6.8,0.03,2016
17112,Super Stardust Ultra VR,PS4,Sony Interactive Entertainment,d3t Ltd,6.6,6.4,0.02,2016
17162,Earth's Dawn,PS4,Rising Star Games,Unknown,6.8,6.7,0.02,2016
17330,Prison Architect,XOne,Introversion Software,Introversion Software,7.5,6.8,0.02,2016
17340,Dungeons 2,PS4,Kalypso Media,Realmforge Studios,6.1,6.9,0.02,2016
17368,The Dwarves,XOne,THQ Nordic,KING Art Games,5.8,3.9,0.02,2016
17554,Gravity Rush Remastered,PS4,Sony Computer Entertainment Europe,Bluepoint Games,8,8.1,0.02,2016
17564,Carmageddon: Max Damage,PS4,Stainless Games,Stainless Games,5.1,5.9,0.02,2016
17868,Skullgirls: 2nd Encore,PS4,Arc System Works,Lab Zero Games,8.2,7.4,0.02,2016
18142,Assetto Corsa,XOne,505 Games,Kunos Simulazioni,6,6.6,0.02,2016
18309,Let It Die,PS4,GungHo,Grasshopper Manufacture,7.2,7.2,0.01,2016
18779,Zombi,XOne,Ubisoft,Ubisoft Montpellier,7.2,6.3,0.01,2016
18900,Zombie Vikings,PS4,Rising Star Games,Zoink Games,6.4,7,0.01,2016
18906,Ziggurat,PS4,Soedesco,Milkstone Studios,8,7,0.01,2016
19458,Hyper Light Drifter,PS4,Rebellion Games,Rebellion Games,8,7.7,0.01,2016
19582,Super Meat Boy,PS4,Team Meat,Team Meat,8.5,7,0.01,2016
43,Call of Duty: Black Ops 3,PS4,Activision,Treyarch,8.1,4.9,15.09,2015
92,The Witcher 3: Wild Hunt,PS4,Warner Bros. Interactive Entertainment,CD Projekt Red Studio,9.2,9.2,10.8,2015
128,Fallout 4,PS4,Bethesda Softworks,Bethesda Game Studios,8.6,6.6,8.48,2015
131,FIFA 16,PS4,EA Sports,EA Canada,8.5,4.4,8.22,2015
211,Uncharted: The Nathan Drake Collection,PS4,Sony Computer Entertainment,Bluepoint Games,8.6,8.5,5.7,2015
265,Fallout 4,XOne,Bethesda Softworks,Bethesda Game Studios,8.4,6.4,5.03,2015
271,Halo 5: Guardians,XOne,Microsoft Studios,343 Industries,8.6,6.4,5,2015
344,The Witcher 3: Wild Hunt,XOne,Warner Bros. Interactive Entertainment,CD Projekt Red Studio,9.1,9.2,4.3,2015
371,Batman: Arkham Knight,PS4,Warner Bros. Interactive,Rocksteady Studios,8.1,7.8,4.11,2015
400,NBA 2K16,PS4,2K Sports,Visual Concepts,8.7,6.7,3.98,2015
442,Gears of War: Ultimate Edition,XOne,Microsoft Studios,The Coalition,8.2,7.6,3.62,2015
447,Assassin's Creed Syndicate,PS4,Ubisoft,Ubisoft Quebec,8.6,6.9,3.6,2015
476,Mortal Kombat X,PS4,Warner Bros. Interactive Entertainment,NetherRealm Studios,8.3,7.8,3.49,2015
513,Madden NFL 16,PS4,EA Sports,EA Tiburon,8.2,5.9,3.3,2015
525,FIFA 16,XOne,EA Sports,EA Canada,8.5,4.4,3.25,2015
572,Metal Gear Solid V: The Phantom Pain,PS4,Konami Digital Entertainment,Kojima Productions,9.3,8.2,3.04,2015
787,Madden NFL 16,XOne,EA Sports,EA Tiburon,8.4,6,2.47,2015
790,Dying Light,PS4,Warner Bros. Interactive,Techland,7.4,7.9,2.45,2015
806,NBA 2K16,XOne,2K Sports,Visual Concepts,8.3,6.1,2.41,2015
937,Destiny: The Taken King,PS4,Activision,Bungie,8.6,6.2,2.18,2015
947,Dragon Ball: Xenoverse,PS4,Namco Bandai Games,Dimps Corporation,6.9,7.7,2.16,2015
1010,The Elder Scrolls Online: Tamriel Unlimited,PS4,Bethesda Softworks,ZeniMax Online Studios,7.4,7.7,2.05,2015
1045,Bloodborne,PS4,Sony Computer Entertainment,From Software,8.2,8.9,2,2015
1070,Just Cause 3,PS4,Square Enix,Avalanche Studios,7.5,6.4,1.98,2015
1127,Until Dawn,PS4,Sony Computer Entertainment,Supermassive Games Ltd.,7.9,8.3,1.9,2015
1242,Mortal Kombat X,XOne,Warner Bros. Interactive Entertainment,NetherRealm Studios,8.6,7.5,1.74,2015
1372,The Order: 1886,PS4,Sony Computer Entertainment,Ready at Dawn,6.2,6.6,1.62,2015
1418,Batman: Arkham Knight,XOne,Warner Bros. Interactive Entertainment,Rocksteady Studios,8.5,6.8,1.58,2015
1596,Assassin's Creed Syndicate,XOne,Ubisoft,Ubisoft Quebec,7.8,6.3,1.44,2015
1682,The Elder Scrolls Online: Tamriel Unlimited,XOne,Bethesda Softworks,ZeniMax Online Studios,7.7,8.3,1.38,2015
1825,WWE 2K16,PS4,Take-Two Interactive,Yuke's,7.3,7.2,1.29,2015
1832,Borderlands: The Handsome Collection,PS4,2K Games,Gearbox Software,8.2,7.9,1.28,2015
1834,Project CARS,PS4,Bandai Namco Games,Slightly Mad Studios,8.3,6.6,1.28,2015
1858,Destiny: The Taken King,XOne,Activision,Bungie,8.9,5.2,1.27,2015
1947,Guitar Hero Live,PS4,Activision,FreeStyleGames,8,6.2,1.21,2015
2011,LEGO Dimensions,PS4,Warner Bros. Interactive Entertainment,Traveller's Tales,8,7.2,1.18,2015
2022,LEGO Jurassic World,PS4,Warner Bros. Interactive Entertainment,Traveller's Tales,7,7.1,1.18,2015
2397,MLB 15: The Show,PS4,Sony Computer Entertainment,SCE San Diego Studio,8,7.7,1.01,2015
2401,Just Cause 3,XOne,Square Enix,Avalanche Studios,7,6.9,1.01,2015
2414,Evolve,PS4,2K Games,Turtle Rock Studios,7.6,4.3,1.01,2015
2440,Final Fantasy Type-0 HD,PS4,Square Enix,Square Enix,7.2,7.5,1,2015
2443,Forza Motorsport 6,XOne,Microsoft Studios,Turn 10 Studios,8.7,7.7,1,2015
2460,Rise of the Tomb Raider,XOne,Square Enix,Crystal Dynamics,8.6,8,1,2015
2725,Final Fantasy X / X-2 HD Remaster,PS4,Square Enix,Square Enix,8.4,8.7,0.9,2015
2751,God of War III Remastered,PS4,Sony Computer Entertainment,SCEA Santa Monica Studio,8.1,8,0.89,2015
2918,Metal Gear Solid V: The Phantom Pain,XOne,Konami Digital Entertainment,Kojima Productions,9.5,7.4,0.83,2015
2936,Guitar Hero Live,XOne,Activision,FreeStyleGames,8.1,5.1,0.83,2015
2961,Pro Evolution Soccer 2016,PS4,Konami Digital Entertainment,PES Productions,8.7,7.2,0.82,2015
3076,LEGO Jurassic World,XOne,Warner Bros. Interactive Entertainment,Traveller's Tales,7,6.6,0.78,2015
3093,Rare Replay,XOne,Microsoft Studios,Rare Ltd.,8.4,8,0.78,2015
3210,Rock Band 4,XOne,Harmonix Music Systems,Harmonix Music Systems,7.9,6.5,0.75,2015
3320,LEGO Dimensions,XOne,Warner Bros. Interactive Entertainment,Traveller's Tales,8,7,0.72,2015
3452,Dark Souls II: Scholar of the First Sin,PS4,Namco Bandai Games,From Software,8.7,8,0.69,2015
3465,F1 2015,PS4,Codemasters,Codemasters Birmingham,6.5,6.4,0.68,2015
3473,Borderlands: The Handsome Collection,XOne,2K Games,Gearbox Software,8,7.8,0.68,2015
3538,Evolve,XOne,2K Games,Turtle Rock Studios,7.4,5.1,0.67,2015
3578,NHL 16,PS4,EA Sports,EA Canada,7.8,5.4,0.66,2015
3698,WWE 2K16,XOne,Take-Two Interactive,Yuke's,7.2,5.4,0.63,2015
4058,Resident Evil: Revelations 2,PS4,Capcom,Capcom,7.5,7.6,0.57,2015
4080,Rock Band 4,PS4,Harmonix Music Systems,Harmonix Music Systems,7.8,6.4,0.57,2015
4249,Rory McIlroy PGA Tour,PS4,Electronic Arts,EA Tiburon,6.1,3.8,0.55,2015
4465,One Piece: Pirate Warriors 3,PS4,Tecmo Koei,Omega Force,7.4,7.4,0.52,2015
4525,NHL 16,XOne,EA Sports,EA Canada,8,6,0.51,2015
4768,Wolfenstein: The Old Blood,PS4,Bethesda Softworks,MachineGames,7.6,7.9,0.48,2015
4827,Deadpool,PS4,Activision,High Moon Studios,6,6,0.47,2015
5022,Tales of Zestiria,PS4,Namco Bandai Games,Namco Bandai Games,7.2,7.2,0.45,2015
5246,Saints Row IV: Re-Elected,PS4,Deep Silver,Volition Inc.,7.5,7.3,0.42,2015
5306,Dishonored: Definitive Edition,PS4,Bethesda Softworks,Arkane Studios,8,7.4,0.42,2015
5398,Project CARS,XOne,Bandai Namco Games,Slightly Mad Studios,8.1,5.8,0.41,2015
5588,Just Dance 2016,PS4,Ubisoft,Ubisoft Paris,7.3,5.8,0.39,2015
5654,Tropico 5,PS4,Kalypso Media,Haemimont Games,7.6,7.1,0.38,2015
5729,Just Dance 2016,XOne,Ubisoft,Ubisoft Paris,6.6,6.1,0.38,2015
5975,Sword Art Online: Lost Song,PS4,Namco Bandai Games,Namco Bandai Games,6.3,6.2,0.36,2015
5996,Disgaea 5: Alliance of Vengeance,PS4,NIS America,Nippon Ichi Software,8,8.2,0.35,2015
6059,Dragon Ball: Xenoverse,XOne,Namco Bandai Games,Dimps Corporation,6.7,7.3,0.35,2015
6691,Saint Seiya: Soldiers' Soul,PS4,Namco Bandai Games,Namco Bandai Games,5.9,7.2,0.3,2015
6702,Final Fantasy Type-0 HD,XOne,Square Enix,Square Enix,7.2,8.3,0.3,2015
6938,Dark Souls II: Scholar of the First Sin,XOne,Namco Bandai Games,From Software,8.9,7.7,0.28,2015
7043,Onechanbara Z2: Chaos,PS4,NIS America,Tamsoft,5.7,6.8,0.28,2015
7054,Rory McIlroy PGA Tour,XOne,Electronic Arts,EA Tiburon,6,4.2,0.28,2015
7286,Mega Man Legacy Collection,XOne,Capcom,Digital Eclipse Software,8,7,0.27,2015
7475,F1 2015,XOne,Codemasters,Codemasters Birmingham,6.4,6.1,0.25,2015
7570,Trials Fusion,XOne,Ubisoft,RedLynx,8.2,7.1,0.25,2015
7701,Tearaway Unfolded,PS4,Sony Computer Entertainment,Media Molecule,8.1,8,0.24,2015
7766,Saints Row IV: Re-Elected,XOne,Deep Silver,Volition Inc.,7.3,7.4,0.24,2015
7792,Transformers: Devastation,PS4,Activision,PlatinumGames,7.7,7.5,0.24,2015
7820,Darksiders II: Deathinitive Edition,PS4,Nordic Games,Gunfire Games,7.5,7.4,0.24,2015
7942,Tony Hawk's Pro Skater 5,PS4,Activision,Robomodo,3.2,1.4,0.23,2015
8202,Bladestorm: Nightmare,PS4,Tecmo Koei,Omega Force,5.8,6.2,0.22,2015
8222,Zombie Army Trilogy,PS4,Rebellion Developments,Rebellion Developments,6.2,6.8,0.22,2015
8419,NBA Live 16,PS4,EA Sports,EA Tiburon,5.9,6,0.21,2015
8441,State of Decay: Year One Survival Edition,XOne,Microsoft Studios,Undead Labs,7.2,6.8,0.21,2015
8783,Dishonored: Definitive Edition,XOne,Bethesda Softworks,Arkane Studios,7.6,7.4,0.19,2015
8856,Shovel Knight,PS4,Yacht Club Games,Yacht Club Games,9,7.7,0.19,2015
9409,Final Fantasy XIV: Heavensward,PS4,Square Enix,Square Enix,8.6,8.3,0.17,2015
9691,BlazBlue: Chrono Phantasma Extend,PS4,Aksys Games,Arc System Works,8,7.6,0.16,2015
9885,Wolfenstein: The Old Blood,XOne,Bethesda Softworks,MachineGames,8,7.9,0.15,2015
9945,Brothers: A Tale of Two Sons,PS4,505 Games,Starbreeze Studios,8.1,7.9,0.15,2015
10040,Transformers: Devastation,XOne,Activision,PlatinumGames,7.5,7.6,0.15,2015
10209,Tony Hawk's Pro Skater 5,XOne,Activision,Robomodo,3.9,2.1,0.14,2015
10411,Resident Evil: Revelations 2,XOne,Capcom,Capcom,7.5,7.5,0.14,2015
10419,The Crew: Wild Run,PS4,Ubisoft,Ivory Tower,7.3,6.4,0.14,2015
10593,Samurai Warriors 4-II,PS4,Tecmo Koei,Omega Force,7.3,6.9,0.13,2015
10613,The Golf Club,PS4,Maximum Games,HB Studios,6.6,6.4,0.13,2015
10833,NBA Live 16,XOne,EA Sports,EA Tiburon,6,5.6,0.13,2015
11305,Pro Evolution Soccer 2016,XOne,Konami Digital Entertainment,PES Productions,8.5,6.1,0.12,2015
11324,God Eater 2: Rage Burst,PS4,Namco Bandai Games,Namco Bandai Games,6.9,7.5,0.12,2015
11389,Zombie Army Trilogy,XOne,Rebellion Developments,Rebellion Developments,6.2,6.9,0.12,2015
11745,Earth Defense Force 4.1: The Shadow of New Despair,PS4,Xseed Games,Sandlot,6.4,7.4,0.11,2015
12330,Ultra Street Fighter IV,PS4,Sony Computer Entertainment,Capcom,7.1,6.2,0.1,2015
12544,Grand Ages: Medieval,PS4,Kalypso Media,Gaming Minds Studios,6.4,6.5,0.09,2015
12618,Toy Soldiers: War Chest,PS4,Ubisoft,Signal Studios,6.2,7.2,0.09,2015
12998,Earth Defense Force 4.1: The Shadow of New Despair,PS4,Xseed Games,Sandlot,6.4,7.4,0.08,2015
13068,Legend of Kay Anniversary,PS4,Nordic Games,Neon Studios,6.2,5.9,0.08,2015
13138,Darksiders II: Deathinitive Edition,XOne,Nordic Games,Gunfire Games,7.5,7.1,0.08,2015
13241,Toy Soldiers: War Chest,XOne,Ubisoft,Signal Studios,6,8.3,0.08,2015
13402,Shovel Knight,XOne,Yacht Club Games,Yacht Club Games,8.6,7.7,0.08,2015
13434,The Golf Club,XOne,Maximum Games,HB Studios,6.4,5.3,0.07,2015
13579,The Book of Unwritten Tales 2,PS4,Nordic Games,KING Art Games,6.3,6.5,0.07,2015
13932,Legend of Kay Anniversary,PS4,Nordic Games,Nordic Games,6.2,5.9,0.07,2015
13939,Zombi,PS4,Ubisoft,Ubisoft Montpellier,7.5,5.8,0.07,2015
14228,MX vs. ATV Supercross Encore,PS4,Nordic Games,Rainbow Studios,4.2,3.8,0.06,2015
14364,Game of Thrones: A Telltale Games Series,PS4,Telltale Games,Telltale Games,6.9,6.5,0.06,2015
14817,Nobunaga's Ambition: Sphere of Influence,PS4,Tecmo Koei,Koei,8,7.5,0.05,2015
15131,Mighty No. 9,XOne,Eidos Interactive Ltd,Comcept,5.5,4.1,0.05,2015
15408,The Talos Principle,PS4,Nighthawk Interactive,Croteam,8.8,8.2,0.04,2015
15573,Axiom Verge,PS4,Thomas Happ Games,Thomas Happ Games,8.4,7.8,0.04,2015
15721,Assassin's Creed Chronicles: China,PS4,Ubisoft,Climax Studios,6.9,6,0.04,2015
16804,God of War III Remastered,PS4,Sony Computer Entertainment Europe,SCEA Santa Monica Studio,8.1,8,0.03,2015
16982,Omega Quintet,PS4,Compile Heart,Compile Heart,5.8,7,0.03,2015
17288,Broken Sword 5: The Serpent's Curse,XOne,Revolution Software,Revolution Software,7.7,7,0.02,2015
18982,ScreamRide,XOne,Microsoft Studios,Frontier Developments,7.1,4.8,0.01,2015
24,Grand Theft Auto V,PS4,Rockstar Games,Rockstar North,9.7,8.4,19.39,2014
82,The Last of Us Remastered,PS4,Sony Computer Entertainment,Naughty Dog,9.5,9.1,11.78,2014
123,Grand Theft Auto V,XOne,Rockstar Games,Rockstar North,9,9,8.72,2014
145,Call of Duty: Advanced Warfare,PS4,Activision,Sledgehammer Games,8.5,5.7,7.53,2014
186,FIFA 15,PS4,EA Sports,EA Canada,8.1,5.7,6.32,2014
209,Destiny,PS4,Activision,Bungie,7.6,6.1,5.76,2014
245,Call of Duty: Advanced Warfare,XOne,Activision,Sledgehammer Games,8.3,5.5,5.22,2014
338,Watch Dogs,PS4,Ubisoft,Ubisoft Montreal,8,6.4,4.32,2014
379,Far Cry 4,PS4,Ubisoft,Ubisoft Montreal,8.4,7.7,4.06,2014
483,Halo: The Master Chief Collection,XOne,Microsoft Studios,343 Industries,8.5,7.4,3.44,2014
490,Destiny,XOne,Activision,Bungie,8.3,5.5,3.41,2014
555,Titanfall,XOne,Electronic Arts,Respawn Entertainment,8.9,6.7,3.11,2014
650,Diablo III: Ultimate Evil Edition,PS4,Blizzard Entertainment,Blizzard Entertainment,9,7.9,2.82,2014
772,NBA 2K15,PS4,2K Sports,Visual Concepts,8.3,6.9,2.49,2014
849,Dragon Age: Inquisition,PS4,Electronic Arts,BioWare Edmonton,8.9,7.4,2.34,2014
895,Madden NFL 15,PS4,EA Sports,EA Tiburon,8.1,6.1,2.25,2014
928,FIFA 15,XOne,EA Sports,EA Canada,7.9,5.4,2.19,2014
1000,LittleBigPlanet 3,PS4,Sony Computer Entertainment,Sumo Digital,7.9,7.2,2.06,2014
1051,Driveclub,PS4,Sony Computer Entertainment,Evolution Studios,7.2,6.2,2,2014
1152,The Evil Within,PS4,Bethesda Softworks,Tango Gameworks,7.7,7.5,1.86,2014
1203,The Crew,PS4,Ubisoft,Ubisoft Reflections,6.1,5.3,1.79,2014
1245,NBA 2K15,XOne,2K Sports,Visual Concepts,8.2,6.2,1.74,2014
1309,Far Cry 4,XOne,Ubisoft,Ubisoft Montreal,8.5,7.6,1.68,2014
1350,Watch Dogs,XOne,Ubisoft,Ubisoft Montreal,7.8,5.9,1.64,2014
1381,Wolfenstein: The New Order,PS4,Bethesda Softworks,MachineGames,7.9,8.1,1.61,2014
1384,Madden NFL 15,XOne,EA Sports,EA Tiburon,8,6.2,1.6,2014
1490,Tomb Raider: Definitive Edition,PS4,Square Enix,Crystal Dynamics,9.1,8.1,1.51,2014
1506,Rayman Legends,PS4,Ubisoft,Ubisoft Montpellier,9.5,8.4,1.5,2014
1569,Forza Horizon 2,XOne,Microsoft Studios,Playground Games,8.6,8.3,1.46,2014
1967,Metal Gear Solid V: Ground Zeroes,PS4,Konami Digital Entertainment,Kojima Productions,7.6,6.3,1.2,2014
2039,Sunset Overdrive,XOne,Microsoft Studios,Insomniac Games,8,7.8,1.16,2014
2042,WWE 2K15,PS4,2K Sports,Visual Concepts,6.2,5.2,1.16,2014
2169,EA Sports UFC,PS4,Electronic Arts,EA Canada,7,6.1,1.11,2014
2228,Alien: Isolation,PS4,Sega,Creative Assembly,7.9,8.2,1.09,2014
2353,Diablo III: Ultimate Evil Edition,XOne,Blizzard Entertainment,Blizzard Entertainment,8.6,7.8,1.04,2014
2500,Dragon Age: Inquisition,XOne,Electronic Arts,BioWare Edmonton,8.5,7,0.99,2014
2857,Thief,PS4,Square Enix,Eidos Montreal,6.7,6.2,0.85,2014
3151,Pro Evolution Soccer 2015,PS4,Konami Digital Entertainment,PES Productions,8.2,7.1,0.76,2014
3187,Wolfenstein: The New Order,XOne,Bethesda Softworks,MachineGames,7.8,7.8,0.75,2014
3234,Sniper Elite III,PS4,505 Games,Rebellion Developments,6.7,6.9,0.74,2014
3340,The Crew,XOne,Ubisoft,Ubisoft Reflections,6.4,5.7,0.71,2014
3350,The LEGO Movie Videogame,PS4,Warner Bros. Interactive Entertainment,TT Fusion,6,7.1,0.71,2014
3373,Plants vs Zombies: Garden Warfare,XOne,Electronic Arts,PopCap Games,7.6,7.5,0.71,2014
3440,The Evil Within,XOne,Bethesda Softworks,Tango Gameworks,7.9,7.4,0.69,2014
3585,Plants vs Zombies: Garden Warfare,PS4,Electronic Arts,PopCap Games,7.5,7.5,0.66,2014
3594,Tomb Raider: Definitive Edition,XOne,Square Enix,Crystal Dynamics,9.1,7.7,0.66,2014
3605,The LEGO Movie Videogame,XOne,Warner Bros. Interactive Entertainment,TT Fusion,6.5,6.7,0.65,2014
3743,Kinect Sports Rivals,XOne,Microsoft Studios,Rare Ltd.,7.3,5,0.62,2014
3753,LEGO The Hobbit,PS4,Warner Bros. Interactive Entertainment,Traveller's Tales,7.2,6.6,0.62,2014
3783,NHL 15,PS4,EA Sports,EA Canada,6,3.7,0.62,2014
3812,WWE 2K15,XOne,2K Sports,Visual Concepts,5.6,5.5,0.61,2014
4196,Lords of the Fallen,PS4,Namco Bandai Games,DECK13 Interactive,6.8,6.5,0.55,2014
4288,Just Dance 2015,XOne,Ubisoft,Ubisoft Paris,8.1,7.4,0.54,2014
4440,Alien: Isolation,XOne,Sega,Creative Assembly,7.8,7.9,0.52,2014
4752,Thief,XOne,Square Enix,Eidos Montreal,6.9,5.9,0.48,2014
4771,EA Sports UFC,XOne,Electronic Arts,EA Canada,7,6.2,0.48,2014
5080,Sleeping Dogs: Definitive Edition,PS4,Square Enix,United Front Games,7.7,7.3,0.44,2014
5168,Trials Fusion,PS4,Ubisoft,Unknown,8.2,7.1,0.43,2014
5226,Sniper Elite III,XOne,505 Games,Rebellion Developments,6.3,6.6,0.43,2014
5285,NHL 15,XOne,EA Sports,EA Canada,5.9,3.1,0.42,2014
5430,Just Dance 2015,PS4,Ubisoft,Ubisoft Paris,7.2,5.7,0.41,2014
6271,Murdered: Soul Suspect,PS4,Square Enix,Airtight Games,5.9,6.9,0.33,2014
6903,Sherlock Holmes: Crimes & Punishments,PS4,Focus Home Interactive,Frogwares,7.3,7.2,0.29,2014
7106,LEGO The Hobbit,XOne,Warner Bros. Interactive Entertainment,Traveller's Tales,6.9,6.9,0.27,2014
7111,Metal Gear Solid V: Ground Zeroes,XOne,Konami Digital Entertainment,Kojima Productions,7.7,5.5,0.27,2014
7606,Samurai Warriors 4,PS4,Tecmo Koei,Omega Force,7.6,7.6,0.25,2014
7622,NBA Live 15,PS4,Electronic Arts,EA Tiburon,5.9,5.6,0.25,2014
8127,NBA Live 15,XOne,Electronic Arts,EA Tiburon,5.3,6.8,0.22,2014
8228,Lords of the Fallen,XOne,Namco Bandai Games,DECK13 Interactive,7.1,6.6,0.22,2014
8656,Sleeping Dogs: Definitive Edition,XOne,Square Enix,United Front Games,7.5,7.8,0.2,2014
8732,MotoGP 14,PS4,Namco Bandai Games,Milestone S.r.l.,7.3,6.5,0.2,2014
8934,Fantasia: Music Evolved,XOne,Disney Interactive Studios,Harmonix Music Systems,7.7,7.4,0.19,2014
9284,Project Spark,XOne,Microsoft Studios,Team Dakota,7.3,6.9,0.17,2014
9537,Murdered: Soul Suspect,XOne,Square Enix,Airtight Games,5.1,7.1,0.17,2014
9963,Pro Evolution Soccer 2015,XOne,Konami Digital Entertainment,PES Productions,7.9,6.8,0.15,2014
10863,Akiba's Trip: Undead & Undressed,PS4,Xseed Games,Acquire,5.7,6.9,0.13,2014
12834,Lara Croft and the Temple of Osiris,PS4,Square Enix,Crystal Dynamics,7.4,6.6,0.09,2014
13154,Sherlock Holmes: Crimes & Punishments,XOne,Focus Home Interactive,Frogwares,7.2,6.7,0.08,2014
14840,Child of Light,PS4,Ubisoft,Ubisoft Montreal,9.3,8,0.05,2014
15765,Tour de France 2014,PS4,Focus Home Interactive,Cyanide Studio,5.3,5.3,0.04,2014
19463,Teslagrad,PS4,Rain Games,Rain Games,7.8,6.7,0.01,2014
360,Call of Duty: Ghosts,PS4,Activision,Infinity Ward,7.5,3.8,4.17,2013
403,Battlefield 4,PS4,Electronic Arts,EA DICE,8.3,7,3.94,2013
486,FIFA 14,PS4,EA Sports,EA Canada,9.1,6.3,3.43,2013
537,Assassin's Creed IV: Black Flag,PS4,Ubisoft,Ubisoft Montreal,8.3,7.9,3.19,2013
565,Call of Duty: Ghosts,XOne,Activision,Infinity Ward,7.5,4.3,3.07,2013
694,Dead Rising 3,XOne,Microsoft Studios,Capcom,8.3,6.9,2.7,2013
810,Forza Motorsport 5,XOne,Microsoft Studios,Turn 10 Studios,8.8,6,2.4,2013
976,Killzone: Shadow Fall,PS4,Sony Computer Entertainment,Guerrilla Games,9,6.8,2.1,2013
1452,NBA 2K14,PS4,2K Sports,Visual Concepts,8.9,6.5,1.54,2013
1566,Ryse: Son of Rome,XOne,Microsoft Studios,Crytek,6.8,6.2,1.47,2013
1783,FIFA 14,XOne,EA Sports,EA Canada,9.1,5.8,1.31,2013
2449,Knack,PS4,Sony Computer Entertainment,SCE Japan Studio,8.4,6.5,1,2013
2563,Madden NFL 25,PS4,EA Sports,EA Tiburon,7.4,5.2,0.96,2013
2617,NBA 2K14,XOne,2K Sports,Visual Concepts,8.9,5.7,0.94,2013
2909,Madden NFL 25,XOne,EA Sports,EA Tiburon,7.1,5.8,0.83,2013
7108,NBA Live 14,PS4,EA Sports,EA Tiburon,4.3,2.6,0.27,2013
7851,NBA Live 14,XOne,EA Sports,EA Tiburon,4.3,3.1,0.24,2013
9465,Fighter Within,XOne,Ubisoft,Daoka,2.7,2.8,0.17,2013
9596,Putty Squad,PS4,System 3,System 3,3.8,3,0.16,2013
